Sales Rep,Region,Course,Sale Date,Revenue,Commission,Engagement,Performance Score
Victoria Bowman,Southeast Asia,Marketing,2021-12-08,1622.5,162.25,76,1233.1
Hannah Patterson,Southeast Asia,Machine Learning,2020-03-23,1389.0,138.9,68,944.52
Joe Perez,Europe,Marketing,2021-09-15,1487.84,148.784,52,773.68
Amanda Owens,Australia,Marketing,2020-07-04,1157.39,115.73900000000002,31,358.79
Christopher Bowen,Southeast Asia,Cyber Security,2020-03-04,635.89,63.589,93,591.38
James Lawson,Australia,Machine Learning,2021-09-22,1607.36,160.736,83,1334.11
Alicia King,Southeast Asia,Business Analytics,2022-01-06,846.08,84.608,22,186.14
Anthony Copeland,North America,Business Analytics,2020-06-16,787.42,78.742,33,259.85
Elijah Wilson,Europe,Business Analytics,2023-12-18,1344.09,134.409,70,940.86
John Ruiz,North America,Marketing,2020-04-24,719.59,71.959,5,35.98
Joe Perez,Australia,Business Analytics,2024-07-08,1453.29,145.329,79,1148.1
Victoria Bowman,North America,Business Analytics,2021-04-08,595.01,59.501000000000005,24,142.8
James Lawson,Southeast Asia,Data Science,2021-08-10,1835.05,183.505,4,73.4
Carlos Woods,Southeast Asia,Machine Learning,2022-07-23,1916.09,191.609,58,1111.33
Carrie Martin,Australia,Machine Learning,2024-09-11,842.14,84.214,96,808.45
Ms. Samantha Stein MD,Australia,Data Science,2020-01-15,1081.79,108.179,28,302.9
Carlos Woods,Europe,Machine Learning,2022-09-25,995.54,99.554,96,955.72
Shelley Rosales,Australia,Business Analytics,2025-02-18,1047.58,104.758,44,460.94
Carlos Woods,Europe,Marketing,2021-09-13,1453.97,145.39700000000002,24,348.95
Carrie Martin,Europe,Cyber Security,2022-09-23,1536.47,153.64700000000002,19,291.93
Joseph Mendoza,Southeast Asia,Cyber Security,2022-06-07,675.76,67.57600000000001,82,554.12
Amanda Owens,Europe,Machine Learning,2022-12-06,1791.59,179.159,70,1254.11
Elijah Wilson,North America,Data Science,2022-03-19,1502.24,150.22400000000002,3,45.07
Joe Perez,Australia,Data Science,2023-08-11,533.0,53.300000000000004,14,74.62
Tiffany Mathews,Southeast Asia,Marketing,2021-03-23,1100.72,110.072,57,627.41
Dr. Cameron Mercado DDS,North America,Machine Learning,2023-03-29,1701.72,170.17200000000003,34,578.58
Carrie Martin,Australia,Cyber Security,2025-03-06,893.04,89.304,63,562.62
Carlos Woods,Australia,Business Analytics,2024-04-27,1690.65,169.06500000000003,62,1048.2
Wendy Ford,Southeast Asia,Cyber Security,2024-08-10,815.26,81.52600000000001,30,244.58
Monique Ramirez,North America,Machine Learning,2022-09-25,1487.76,148.776,83,1234.84
Carlos Woods,Europe,Marketing,2020-05-30,934.08,93.40800000000002,50,467.04
Hannah Patterson,Europe,Business Analytics,2020-08-22,530.7,53.07000000000001,99,525.39
Shelley Rosales,Europe,Marketing,2024-08-26,1164.53,116.453,99,1152.88
Ms. Samantha Stein MD,Southeast Asia,Machine Learning,2020-02-07,575.71,57.571000000000005,69,397.24
Victoria Bowman,Southeast Asia,Marketing,2020-06-29,1910.11,191.011,78,1489.89
Dr. Cameron Mercado DDS,Europe,Cyber Security,2023-12-21,1567.81,156.781,52,815.26
Vincent Lara,North America,Marketing,2025-03-11,984.62,98.462,63,620.31
Victoria Bowman,Southeast Asia,Data Science,2024-10-29,1916.67,191.66700000000003,67,1284.17
Heather Moore,Southeast Asia,Marketing,2025-06-17,1714.67,171.467,90,1543.2
Karen Merritt,Southeast Asia,Business Analytics,2020-10-18,836.87,83.68700000000001,56,468.65
Elijah Wilson,Europe,Data Science,2024-09-10,1916.43,191.64300000000003,76,1456.49
Shelley Rosales,North America,Cyber Security,2020-01-17,1597.59,159.75900000000001,59,942.58
Wendy Ford,Southeast Asia,Data Science,2022-12-15,1438.97,143.89700000000002,41,589.98
Christopher Bowen,Southeast Asia,Cyber Security,2024-02-26,839.58,83.95800000000001,12,100.75
Danielle Morgan,North America,Cyber Security,2025-05-09,1592.45,159.245,7,111.47
Catherine Thompson,Australia,Cyber Security,2021-12-11,787.68,78.768,25,196.92
Joe Perez,Southeast Asia,Marketing,2020-01-11,1323.45,132.345,42,555.85
Danielle Morgan,Europe,Data Science,2022-04-25,1368.96,136.89600000000002,44,602.34
Elijah Wilson,Southeast Asia,Cyber Security,2021-03-10,1734.44,173.44400000000002,60,1040.66
Amanda Owens,North America,Business Analytics,2023-06-29,1300.75,130.07500000000002,42,546.32
Vincent Lara,North America,Marketing,2023-04-18,1551.77,155.17700000000002,30,465.53
Carrie Martin,Europe,Marketing,2025-04-08,1178.45,117.84500000000001,72,848.48
James Lawson,Australia,Marketing,2023-06-30,1309.5,130.95000000000002,9,117.86
Justin Weiss,Southeast Asia,Business Analytics,2024-02-26,1613.09,161.309,74,1193.69
Ms. Samantha Stein MD,North America,Data Science,2025-04-05,1931.71,193.17100000000002,3,57.95
Dr. Cameron Mercado DDS,Southeast Asia,Business Analytics,2024-06-08,1452.01,145.201,68,987.37
Joseph Mendoza,North America,Business Analytics,2024-09-25,879.01,87.90100000000001,76,668.05
Robert Perez,North America,Machine Learning,2021-01-24,1857.64,185.764,87,1616.15
Hannah Patterson,Europe,Business Analytics,2020-12-07,1445.6,144.56,10,144.56
Catherine Thompson,Southeast Asia,Business Analytics,2023-05-20,728.0,72.8,81,589.68
Dr. Cameron Mercado DDS,Southeast Asia,Cyber Security,2022-06-15,1906.74,190.674,3,57.2
Joseph Mendoza,Australia,Machine Learning,2021-07-30,504.57,50.457,94,474.3
Monique Ramirez,Australia,Business Analytics,2022-05-23,1964.37,196.437,90,1767.93
Victoria Bowman,North America,Marketing,2021-07-17,990.4,99.04,27,267.41
Kevin Morris,Southeast Asia,Business Analytics,2021-05-07,601.26,60.126000000000005,17,102.21
Heather Moore,North America,Machine Learning,2020-06-24,650.85,65.08500000000001,59,384.0
Hannah Patterson,Europe,Business Analytics,2020-10-01,858.25,85.825,17,145.9
Vincent Lara,Europe,Cyber Security,2024-04-20,677.03,67.703,62,419.76
Wendy Ford,North America,Marketing,2021-12-08,1393.32,139.332,95,1323.65
Monique Ramirez,North America,Machine Learning,2021-12-13,1374.59,137.459,64,879.74
Amanda Owens,Australia,Cyber Security,2024-02-10,1072.89,107.28900000000002,74,793.94
Monique Ramirez,North America,Machine Learning,2024-08-30,1502.2,150.22,19,285.42
Wendy Ford,Southeast Asia,Cyber Security,2022-11-12,1443.34,144.334,99,1428.91
Joseph Mendoza,North America,Marketing,2020-01-25,1214.89,121.48900000000002,9,109.34
Christopher Bowen,Europe,Business Analytics,2023-04-24,1740.69,174.06900000000002,4,69.63
Hannah Patterson,North America,Cyber Security,2023-08-20,809.24,80.924,28,226.59
John Ruiz,Southeast Asia,Cyber Security,2023-06-29,1948.77,194.877,94,1831.84
Catherine Thompson,Europe,Cyber Security,2021-04-15,1613.21,161.32100000000003,82,1322.83
Justin Weiss,North America,Data Science,2025-02-15,1004.1,100.41000000000001,74,743.03
Danielle Morgan,Southeast Asia,Business Analytics,2020-09-16,1421.41,142.14100000000002,88,1250.84
Monique Ramirez,North America,Business Analytics,2024-03-09,816.36,81.63600000000001,65,530.63
Justin Weiss,Europe,Business Analytics,2022-01-26,1702.87,170.287,88,1498.53
Dr. Cameron Mercado DDS,North America,Cyber Security,2020-07-05,1829.24,182.924,40,731.7
Scott Martin,North America,Marketing,2022-05-04,1513.6,151.35999999999999,58,877.89
Wendy Ford,Southeast Asia,Data Science,2024-08-09,1783.37,178.337,59,1052.19
Scott Martin,Europe,Marketing,2024-11-14,1976.44,197.644,100,1976.44
Carlos Woods,Europe,Business Analytics,2024-08-18,1105.09,110.509,3,33.15
Ruth Cunningham,Australia,Data Science,2024-06-04,1888.69,188.86900000000003,97,1832.03
Justin Weiss,North America,Data Science,2022-06-11,1671.8,167.18,4,66.87
Tiffany Mathews,North America,Cyber Security,2024-02-19,1865.84,186.584,25,466.46
Ruth Cunningham,Southeast Asia,Cyber Security,2020-08-19,1600.25,160.025,25,400.06
Kevin Morris,Australia,Data Science,2023-05-29,1280.89,128.08900000000003,45,576.4
Elijah Wilson,Europe,Marketing,2022-04-01,698.33,69.83300000000001,23,160.62
Ms. Samantha Stein MD,Europe,Data Science,2024-01-24,1109.16,110.91600000000001,71,787.5
Wendy Ford,North America,Marketing,2020-11-30,1899.47,189.947,55,1044.71
Wendy Ford,Australia,Marketing,2022-03-15,828.44,82.84400000000001,5,41.42
Catherine Thompson,Southeast Asia,Cyber Security,2025-06-16,1457.28,145.728,88,1282.41
Justin Weiss,Australia,Cyber Security,2022-10-16,1525.74,152.574,26,396.69
Danielle Morgan,Southeast Asia,Marketing,2020-05-29,1908.18,190.818,81,1545.63
John Ruiz,Australia,Cyber Security,2023-12-07,1939.97,193.997,7,135.8
Joseph Mendoza,North America,Business Analytics,2023-10-27,1789.05,178.905,8,143.12
Joe Perez,North America,Data Science,2023-08-07,1912.29,191.229,65,1242.99
Dr. Cameron Mercado DDS,North America,Cyber Security,2025-07-01,1467.51,146.751,16,234.8
Wendy Ford,North America,Cyber Security,2021-05-15,1130.28,113.028,25,282.57
Wendy Ford,Europe,Cyber Security,2025-06-05,1387.36,138.736,39,541.07
Anthony Copeland,Australia,Cyber Security,2023-04-21,701.03,70.103,50,350.51
Danielle Morgan,Australia,Data Science,2024-06-16,1918.34,191.834,45,863.25
Justin Weiss,Europe,Data Science,2020-07-18,928.02,92.802,81,751.7
Hannah Patterson,Australia,Data Science,2024-01-26,1023.93,102.393,70,716.75
James Lawson,North America,Cyber Security,2021-02-05,1443.94,144.394,66,953.0
Karen Merritt,Southeast Asia,Business Analytics,2023-02-20,860.85,86.08500000000001,61,525.12
Victoria Bowman,Southeast Asia,Cyber Security,2022-11-03,1973.67,197.36700000000002,6,118.42
Hannah Patterson,Australia,Marketing,2022-07-31,832.62,83.262,14,116.57
Victoria Bowman,North America,Machine Learning,2021-07-18,1483.03,148.303,57,845.33
Dr. Cameron Mercado DDS,Southeast Asia,Marketing,2021-02-15,564.88,56.488,50,282.44
Alicia King,North America,Business Analytics,2025-02-02,1999.8,199.98000000000002,78,1559.84
John Ruiz,Europe,Machine Learning,2024-06-28,786.18,78.618,63,495.29
Monique Ramirez,Europe,Business Analytics,2022-08-23,1622.24,162.22400000000002,57,924.68
Anthony Copeland,Europe,Cyber Security,2022-10-14,1312.8,131.28,13,170.66
Dr. Cameron Mercado DDS,Australia,Business Analytics,2021-06-24,881.81,88.181,14,123.45
Dr. Cameron Mercado DDS,Australia,Business Analytics,2022-07-16,1029.82,102.982,85,875.35
Heather Moore,Australia,Cyber Security,2021-09-03,1514.97,151.497,9,136.35
Robert Perez,North America,Business Analytics,2025-06-02,1494.91,149.491,51,762.4
Alex Frank,Southeast Asia,Machine Learning,2020-03-09,800.31,80.031,45,360.14
Dr. Cameron Mercado DDS,Australia,Marketing,2024-01-13,1788.18,178.818,26,464.93
Christopher Bowen,Europe,Business Analytics,2023-06-25,1357.87,135.787,19,258.0
Scott Martin,North America,Data Science,2022-04-14,1836.16,183.616,50,918.08
Victoria Bowman,North America,Business Analytics,2021-10-10,1676.99,167.699,96,1609.91
Alicia King,Europe,Data Science,2021-07-07,1680.86,168.086,90,1512.77
Victoria Bowman,Australia,Data Science,2024-12-30,714.23,71.423,90,642.81
Heather Moore,Southeast Asia,Business Analytics,2022-04-04,1189.9,118.99000000000001,34,404.57
Carlos Woods,North America,Data Science,2020-06-02,900.96,90.096,78,702.75
Carlos Woods,North America,Cyber Security,2025-04-05,1738.73,173.87300000000002,46,799.82
Carrie Martin,Australia,Marketing,2020-02-25,910.08,91.00800000000001,30,273.02
Alicia King,Australia,Machine Learning,2025-06-14,1622.63,162.26300000000003,66,1070.94
Ruth Cunningham,Southeast Asia,Data Science,2023-03-19,1692.7,169.27,79,1337.23
Danielle Morgan,Europe,Machine Learning,2020-03-27,1860.44,186.044,12,223.25
Anthony Copeland,North America,Cyber Security,2020-08-10,1580.33,158.03300000000002,5,79.02
Heather Moore,North America,Data Science,2021-01-08,1941.46,194.14600000000002,44,854.24
Vincent Lara,North America,Machine Learning,2024-09-07,914.04,91.404,28,255.93
Ruth Cunningham,North America,Machine Learning,2022-08-04,509.11,50.911,91,463.29
James Lawson,Europe,Data Science,2020-09-15,756.29,75.629,100,756.29
Christopher Bowen,Australia,Marketing,2022-09-12,1147.03,114.703,71,814.39
Dr. Cameron Mercado DDS,Australia,Business Analytics,2024-07-14,962.41,96.241,53,510.08
Carrie Martin,Europe,Marketing,2023-04-23,739.05,73.905,71,524.73
Dr. Cameron Mercado DDS,Australia,Business Analytics,2023-05-30,1743.02,174.30200000000002,16,278.88
Heather Moore,Southeast Asia,Cyber Security,2023-02-21,1425.88,142.58800000000002,92,1311.81
Victoria Bowman,North America,Business Analytics,2024-10-17,685.72,68.572,91,624.01
Carlos Woods,Australia,Machine Learning,2020-03-13,598.91,59.891,58,347.37
Joseph Mendoza,North America,Machine Learning,2024-12-26,1686.39,168.639,41,691.42
Kevin Morris,North America,Marketing,2025-01-27,1245.5,124.55000000000001,2,24.91
Hannah Patterson,Southeast Asia,Machine Learning,2021-12-18,1693.87,169.387,12,203.26
Ruth Cunningham,Southeast Asia,Machine Learning,2025-01-09,805.4,80.54,36,289.94
Tiffany Mathews,Australia,Data Science,2025-05-16,1266.68,126.668,91,1152.68
Heather Moore,Australia,Machine Learning,2024-12-28,978.16,97.816,34,332.57
Dr. Cameron Mercado DDS,North America,Marketing,2025-07-03,963.01,96.301,20,192.6
Catherine Thompson,North America,Cyber Security,2025-03-25,798.56,79.856,76,606.91
Hannah Patterson,Australia,Business Analytics,2025-07-15,1586.34,158.63400000000001,78,1237.35
Alicia King,Europe,Marketing,2024-02-22,1117.79,111.779,41,458.29
Wendy Ford,Europe,Data Science,2025-05-16,937.81,93.781,69,647.09
Tiffany Mathews,Southeast Asia,Business Analytics,2022-05-22,939.23,93.923,46,432.05
Ruth Cunningham,Europe,Cyber Security,2022-07-18,1224.59,122.459,69,844.97
Ms. Samantha Stein MD,Southeast Asia,Data Science,2024-02-28,829.5,82.95,27,223.97
Elijah Wilson,North America,Data Science,2025-05-13,570.62,57.062000000000005,2,11.41
Karen Merritt,Europe,Marketing,2025-07-12,1614.59,161.459,10,161.46
Robert Perez,Southeast Asia,Machine Learning,2025-05-27,1845.26,184.526,41,756.56
Ms. Samantha Stein MD,Europe,Marketing,2024-08-31,1655.75,165.57500000000002,14,231.81
Anthony Copeland,Southeast Asia,Business Analytics,2023-12-06,1735.92,173.592,43,746.45
Dr. Cameron Mercado DDS,North America,Cyber Security,2020-08-30,724.94,72.49400000000001,84,608.95
Carrie Martin,Southeast Asia,Business Analytics,2020-09-18,895.0,89.5,3,26.85
Amanda Owens,Europe,Data Science,2024-06-11,1148.44,114.84400000000001,51,585.7
Karen Merritt,Europe,Cyber Security,2023-04-21,1373.45,137.345,47,645.52
Alex Frank,Australia,Cyber Security,2023-10-26,1525.77,152.577,51,778.14
Amanda Owens,Southeast Asia,Machine Learning,2022-05-22,1022.24,102.224,57,582.68
Ruth Cunningham,Southeast Asia,Data Science,2022-11-22,1358.91,135.89100000000002,93,1263.79
Alicia King,Southeast Asia,Cyber Security,2021-02-08,974.35,97.435,96,935.38
Danielle Morgan,Southeast Asia,Data Science,2021-08-29,1402.02,140.202,38,532.77
Scott Martin,Europe,Data Science,2022-04-26,1524.54,152.454,91,1387.33
Karen Merritt,Europe,Marketing,2024-10-25,1937.51,193.751,45,871.88
Victoria Bowman,Southeast Asia,Business Analytics,2025-03-17,1577.44,157.74400000000003,11,173.52
Joseph Mendoza,Europe,Business Analytics,2024-10-16,1876.07,187.607,3,56.28
Heather Moore,Southeast Asia,Marketing,2020-11-14,1450.46,145.04600000000002,23,333.61
Christopher Bowen,Southeast Asia,Data Science,2021-04-10,1975.5,197.55,78,1540.89
Joe Perez,Southeast Asia,Business Analytics,2020-10-16,1491.7,149.17000000000002,34,507.18
Elijah Wilson,North America,Machine Learning,2025-01-30,923.31,92.331,52,480.12
Victoria Bowman,Australia,Marketing,2023-08-12,852.52,85.25200000000001,72,613.81
Elijah Wilson,Australia,Data Science,2024-10-03,1814.76,181.476,76,1379.22
Joseph Mendoza,Southeast Asia,Marketing,2020-04-04,1366.13,136.61300000000003,52,710.39
Alicia King,Australia,Data Science,2021-12-28,1909.92,190.99200000000002,68,1298.75
Hannah Patterson,Europe,Machine Learning,2021-11-17,501.26,50.126000000000005,18,90.23
Robert Perez,Europe,Marketing,2020-11-09,1119.96,111.99600000000001,87,974.37
Heather Moore,Australia,Cyber Security,2023-08-08,1479.61,147.96099999999998,83,1228.08
Carrie Martin,Australia,Machine Learning,2025-06-07,1020.77,102.077,35,357.27
Tiffany Mathews,Southeast Asia,Data Science,2020-04-20,1826.99,182.699,52,950.03
Ms. Samantha Stein MD,North America,Marketing,2025-06-12,1356.64,135.66400000000002,15,203.5
Alicia King,Europe,Cyber Security,2024-09-07,645.94,64.59400000000001,88,568.43
Tiffany Mathews,Southeast Asia,Machine Learning,2020-09-08,1988.69,198.86900000000003,73,1451.74
Anthony Copeland,Southeast Asia,Machine Learning,2020-08-26,726.68,72.66799999999999,27,196.2
Christopher Bowen,Southeast Asia,Business Analytics,2023-02-09,1531.17,153.11700000000002,22,336.86
Kevin Morris,Southeast Asia,Data Science,2025-06-08,668.11,66.811,10,66.81
Shelley Rosales,Europe,Marketing,2023-05-24,1853.38,185.33800000000002,96,1779.24
James Lawson,Southeast Asia,Machine Learning,2023-11-13,1361.21,136.121,22,299.47
Ruth Cunningham,Australia,Machine Learning,2021-08-20,1688.39,168.83900000000003,95,1603.97
James Lawson,Southeast Asia,Marketing,2021-06-06,1485.21,148.52100000000002,26,386.15
Joe Perez,Australia,Machine Learning,2020-08-24,1104.34,110.434,39,430.69
Alex Frank,Southeast Asia,Machine Learning,2020-09-11,1114.64,111.46400000000001,34,378.98
Justin Weiss,North America,Data Science,2020-05-13,1304.86,130.486,61,795.96
Joseph Mendoza,Southeast Asia,Cyber Security,2022-06-05,1397.36,139.736,1,13.97
Alex Frank,Southeast Asia,Machine Learning,2022-06-06,1796.05,179.60500000000002,66,1185.39
Hannah Patterson,Europe,Machine Learning,2024-04-19,1796.39,179.639,69,1239.51
Alicia King,Southeast Asia,Marketing,2024-02-11,795.41,79.541,96,763.59
Dr. Cameron Mercado DDS,Southeast Asia,Marketing,2021-02-23,693.1,69.31,89,616.86
Karen Merritt,Australia,Cyber Security,2025-07-10,1138.66,113.86600000000001,68,774.29
Amanda Owens,Southeast Asia,Machine Learning,2021-12-12,1877.27,187.727,61,1145.13
Ruth Cunningham,Australia,Business Analytics,2021-06-17,858.06,85.806,17,145.87
Victoria Bowman,Southeast Asia,Cyber Security,2022-05-17,1728.57,172.857,68,1175.43
Wendy Ford,Europe,Business Analytics,2022-11-30,664.65,66.465,78,518.43
Carrie Martin,Australia,Business Analytics,2025-05-29,1682.95,168.29500000000002,66,1110.75
Ms. Samantha Stein MD,Europe,Business Analytics,2023-12-26,1814.9,181.49,34,617.07
Alex Frank,Europe,Cyber Security,2025-05-12,708.09,70.80900000000001,79,559.39
Carrie Martin,North America,Machine Learning,2023-02-27,1764.72,176.472,78,1376.48
Carlos Woods,North America,Business Analytics,2023-12-11,950.62,95.06200000000001,9,85.56
Catherine Thompson,North America,Machine Learning,2024-01-14,1777.08,177.708,83,1474.98
James Lawson,Australia,Marketing,2020-04-19,1650.36,165.036,90,1485.32
Ms. Samantha Stein MD,Europe,Machine Learning,2022-03-23,1909.81,190.981,83,1585.14
Heather Moore,Australia,Marketing,2022-12-07,956.34,95.63400000000001,92,879.83
Karen Merritt,Europe,Data Science,2024-08-20,1480.25,148.025,37,547.69
Joseph Mendoza,Europe,Business Analytics,2020-03-11,1086.64,108.66400000000002,28,304.26
Robert Perez,Australia,Machine Learning,2024-03-20,767.35,76.735,20,153.47
Elijah Wilson,Southeast Asia,Cyber Security,2025-02-25,827.58,82.75800000000001,72,595.86
Shelley Rosales,North America,Machine Learning,2024-02-28,1859.19,185.919,11,204.51
Victoria Bowman,Europe,Business Analytics,2021-03-21,1008.09,100.80900000000001,86,866.96
Hannah Patterson,North America,Machine Learning,2023-03-23,1018.98,101.89800000000001,36,366.83
John Ruiz,Southeast Asia,Cyber Security,2022-04-03,1601.42,160.14200000000002,78,1249.11
Victoria Bowman,Australia,Cyber Security,2022-10-17,1320.81,132.081,3,39.62
Amanda Owens,Australia,Business Analytics,2024-03-30,582.66,58.266,59,343.77
Justin Weiss,Europe,Machine Learning,2025-01-30,635.13,63.513000000000005,11,69.86
Alicia King,Southeast Asia,Cyber Security,2023-01-20,1761.65,176.16500000000002,6,105.7
Carlos Woods,North America,Machine Learning,2023-12-10,1860.96,186.096,7,130.27
Carlos Woods,Southeast Asia,Cyber Security,2025-01-15,909.95,90.995,74,673.36
Shelley Rosales,North America,Cyber Security,2024-03-20,1320.58,132.058,6,79.23
Dr. Cameron Mercado DDS,Europe,Cyber Security,2020-05-19,911.77,91.177,49,446.77
Ms. Samantha Stein MD,Australia,Data Science,2020-03-10,1773.45,177.34500000000003,86,1525.17
Anthony Copeland,Southeast Asia,Business Analytics,2021-12-23,641.79,64.179,46,295.22
Joseph Mendoza,Southeast Asia,Business Analytics,2024-08-19,767.07,76.70700000000001,87,667.35
Joseph Mendoza,North America,Cyber Security,2023-03-28,789.81,78.981,33,260.64
Victoria Bowman,North America,Business Analytics,2021-09-21,658.24,65.824,96,631.91
Wendy Ford,Europe,Machine Learning,2024-10-10,1106.46,110.64600000000002,23,254.49
Joseph Mendoza,Australia,Data Science,2023-01-21,1410.86,141.08599999999998,12,169.3
Ms. Samantha Stein MD,Europe,Business Analytics,2023-08-30,565.34,56.534000000000006,62,350.51
Scott Martin,North America,Cyber Security,2020-07-27,1135.92,113.59200000000001,16,181.75
Dr. Cameron Mercado DDS,North America,Marketing,2025-05-30,1338.79,133.879,57,763.11
Carrie Martin,Australia,Cyber Security,2024-04-21,1075.7,107.57000000000001,51,548.61
Carlos Woods,North America,Cyber Security,2021-04-06,1468.23,146.823,37,543.25
John Ruiz,Australia,Cyber Security,2023-04-12,1619.25,161.925,18,291.46
Elijah Wilson,Australia,Marketing,2020-04-09,1486.37,148.637,11,163.5
Kevin Morris,Southeast Asia,Cyber Security,2020-06-27,1920.84,192.084,29,557.04
Carrie Martin,North America,Business Analytics,2025-02-05,698.59,69.85900000000001,96,670.65
Dr. Cameron Mercado DDS,Europe,Machine Learning,2023-07-09,1786.08,178.608,98,1750.36
Carlos Woods,Europe,Machine Learning,2020-08-25,868.98,86.89800000000001,9,78.21
Monique Ramirez,Australia,Marketing,2021-01-25,1983.16,198.31600000000003,87,1725.35
Tiffany Mathews,North America,Data Science,2021-10-09,1142.92,114.29200000000002,59,674.32
Wendy Ford,Australia,Machine Learning,2020-01-09,1931.59,193.159,47,907.85
Shelley Rosales,Southeast Asia,Machine Learning,2020-09-03,1437.58,143.758,57,819.42
Alicia King,North America,Marketing,2023-01-17,1939.48,193.948,33,640.03
Heather Moore,Europe,Machine Learning,2024-04-12,899.6,89.96000000000001,3,26.99
Justin Weiss,Europe,Business Analytics,2024-06-07,745.81,74.581,12,89.5
Heather Moore,Australia,Cyber Security,2024-02-23,814.95,81.495,83,676.41
Dr. Cameron Mercado DDS,Europe,Cyber Security,2021-11-07,944.45,94.44500000000001,82,774.45
Amanda Owens,Europe,Business Analytics,2020-01-04,1439.6,143.96,51,734.2
John Ruiz,Southeast Asia,Business Analytics,2024-07-08,689.32,68.932,69,475.63
Justin Weiss,Australia,Machine Learning,2025-06-17,1383.99,138.399,31,429.04
Joe Perez,North America,Business Analytics,2024-10-03,1784.64,178.46400000000003,85,1516.94
Wendy Ford,North America,Marketing,2021-05-22,958.79,95.879,23,220.52
Alicia King,Australia,Business Analytics,2022-04-07,1870.58,187.058,79,1477.76
Robert Perez,Australia,Machine Learning,2021-08-21,1583.66,158.366,66,1045.22
Joseph Mendoza,Southeast Asia,Marketing,2024-06-15,611.87,61.187000000000005,95,581.28
Carrie Martin,Australia,Marketing,2025-05-17,1213.08,121.30799999999999,99,1200.95
Monique Ramirez,Australia,Cyber Security,2021-11-03,546.17,54.617,61,333.16
Anthony Copeland,North America,Machine Learning,2024-07-20,799.21,79.921,100,799.21
Catherine Thompson,Australia,Marketing,2024-12-07,540.76,54.076,70,378.53
Christopher Bowen,Southeast Asia,Data Science,2021-02-03,743.98,74.39800000000001,99,736.54
Heather Moore,Southeast Asia,Business Analytics,2023-03-25,1018.2,101.82000000000001,48,488.74
Kevin Morris,Europe,Business Analytics,2021-02-25,576.61,57.661,96,553.55
Kevin Morris,Europe,Data Science,2022-12-12,1991.55,199.155,96,1911.89
Anthony Copeland,Europe,Business Analytics,2023-01-12,1637.39,163.73900000000003,20,327.48
Wendy Ford,Europe,Machine Learning,2025-07-18,1512.81,151.281,83,1255.63
Carrie Martin,Europe,Cyber Security,2020-09-16,757.53,75.753,1,7.58
Scott Martin,North America,Data Science,2022-01-30,1203.72,120.37200000000001,76,914.83
Anthony Copeland,Southeast Asia,Marketing,2023-06-13,1062.3,106.23,100,1062.3
Anthony Copeland,Australia,Data Science,2021-07-13,994.9,99.49000000000001,79,785.97
Kevin Morris,Australia,Marketing,2024-01-09,873.03,87.303,19,165.88
Amanda Owens,North America,Business Analytics,2020-08-29,1733.75,173.375,1,17.34
Vincent Lara,Southeast Asia,Machine Learning,2022-12-11,1026.99,102.69900000000001,17,174.59
Ruth Cunningham,Southeast Asia,Machine Learning,2020-02-02,1218.85,121.88499999999999,49,597.24
Monique Ramirez,North America,Business Analytics,2020-11-20,818.77,81.87700000000001,62,507.64
Carrie Martin,Southeast Asia,Data Science,2023-09-06,1059.81,105.981,43,455.72
Ruth Cunningham,Southeast Asia,Data Science,2020-12-23,1626.24,162.62400000000002,15,243.94
Scott Martin,North America,Machine Learning,2023-02-18,1254.82,125.482,39,489.38
Amanda Owens,Australia,Marketing,2023-11-04,1775.87,177.587,12,213.1
Victoria Bowman,Europe,Data Science,2020-02-05,725.91,72.591,63,457.32
Joe Perez,Europe,Marketing,2020-04-12,1526.15,152.615,10,152.62
Karen Merritt,North America,Data Science,2023-04-22,706.93,70.693,30,212.08
Anthony Copeland,Europe,Machine Learning,2022-10-12,590.98,59.098000000000006,66,390.05
Amanda Owens,Southeast Asia,Cyber Security,2025-04-03,545.81,54.580999999999996,35,191.03
Victoria Bowman,Southeast Asia,Cyber Security,2025-06-01,987.34,98.73400000000001,77,760.25
Alicia King,North America,Cyber Security,2023-11-16,1715.12,171.512,30,514.54
Catherine Thompson,North America,Marketing,2022-09-11,886.59,88.659,4,35.46
Christopher Bowen,Southeast Asia,Machine Learning,2024-08-28,773.69,77.36900000000001,70,541.58
Carrie Martin,North America,Business Analytics,2021-12-24,1492.8,149.28,94,1403.23
John Ruiz,North America,Marketing,2021-03-27,1599.79,159.979,48,767.9
Catherine Thompson,Southeast Asia,Data Science,2022-03-25,939.12,93.912,85,798.25
Danielle Morgan,North America,Machine Learning,2020-08-11,1513.16,151.316,65,983.55
Heather Moore,Europe,Cyber Security,2023-07-18,1307.74,130.774,40,523.1
Kevin Morris,Southeast Asia,Machine Learning,2020-11-05,1688.76,168.876,42,709.28
Kevin Morris,Southeast Asia,Machine Learning,2023-07-21,1907.34,190.734,56,1068.11
Christopher Bowen,Australia,Marketing,2022-02-01,1911.54,191.154,58,1108.69
Ms. Samantha Stein MD,Europe,Business Analytics,2024-03-10,985.28,98.528,31,305.44
Alex Frank,Southeast Asia,Cyber Security,2020-05-23,903.12,90.31200000000001,73,659.28
Dr. Cameron Mercado DDS,Australia,Cyber Security,2025-04-05,965.51,96.551,58,560.0
Hannah Patterson,North America,Data Science,2024-01-08,1460.98,146.098,87,1271.05
John Ruiz,Australia,Cyber Security,2022-01-01,617.72,61.772000000000006,42,259.44
Dr. Cameron Mercado DDS,Southeast Asia,Data Science,2025-01-28,1164.76,116.476,96,1118.17
John Ruiz,Australia,Cyber Security,2021-11-14,1016.47,101.647,62,630.21
Ruth Cunningham,Southeast Asia,Machine Learning,2020-04-16,1175.12,117.512,47,552.31
Dr. Cameron Mercado DDS,North America,Marketing,2023-02-09,1971.24,197.12400000000002,93,1833.25
Catherine Thompson,Australia,Data Science,2024-02-15,1477.45,147.745,6,88.65
Robert Perez,Europe,Marketing,2020-01-12,1450.85,145.085,58,841.49
Dr. Cameron Mercado DDS,Australia,Business Analytics,2021-03-01,583.86,58.386,67,391.19
Carlos Woods,Australia,Machine Learning,2023-11-27,1782.81,178.281,11,196.11
Joseph Mendoza,Australia,Data Science,2021-03-03,1189.91,118.99100000000001,50,594.96
Heather Moore,Europe,Business Analytics,2020-01-25,1058.48,105.84800000000001,49,518.66
Joe Perez,North America,Machine Learning,2022-10-02,1090.54,109.054,98,1068.73
Robert Perez,North America,Marketing,2020-12-24,1960.97,196.097,86,1686.43
Danielle Morgan,Australia,Machine Learning,2024-05-04,1358.17,135.817,56,760.58
Monique Ramirez,North America,Cyber Security,2021-02-03,991.56,99.156,88,872.57
Ms. Samantha Stein MD,Europe,Business Analytics,2020-07-05,877.85,87.78500000000001,26,228.24
John Ruiz,Europe,Marketing,2023-10-30,892.25,89.22500000000001,73,651.34
Tiffany Mathews,Southeast Asia,Data Science,2021-02-16,1849.45,184.94500000000002,9,166.45
Robert Perez,Southeast Asia,Business Analytics,2023-11-05,1124.31,112.431,56,629.61
Catherine Thompson,Southeast Asia,Cyber Security,2023-12-03,1852.86,185.286,54,1000.54
John Ruiz,Southeast Asia,Cyber Security,2025-04-22,1260.88,126.08800000000002,69,870.01
Elijah Wilson,Europe,Machine Learning,2021-01-20,1785.7,178.57000000000002,81,1446.42
Shelley Rosales,Australia,Marketing,2020-02-29,1249.24,124.924,97,1211.76
Alicia King,Europe,Marketing,2024-10-29,1077.96,107.796,92,991.72
Robert Perez,Europe,Business Analytics,2020-11-27,1649.81,164.981,17,280.47
Hannah Patterson,Australia,Business Analytics,2024-06-11,1438.7,143.87,73,1050.25
Joseph Mendoza,Australia,Machine Learning,2022-06-28,1085.17,108.51700000000001,52,564.29
Scott Martin,North America,Business Analytics,2022-03-07,1332.91,133.29100000000003,6,79.97
Joe Perez,Southeast Asia,Data Science,2022-01-06,1708.39,170.83900000000003,68,1161.71
Heather Moore,Australia,Marketing,2021-02-06,1148.98,114.89800000000001,7,80.43
Alicia King,Australia,Cyber Security,2022-02-18,952.09,95.209,27,257.06
Carrie Martin,Southeast Asia,Machine Learning,2024-01-22,1790.93,179.09300000000002,25,447.73
Joe Perez,North America,Cyber Security,2020-12-19,1822.19,182.21900000000002,28,510.21
Ms. Samantha Stein MD,Europe,Business Analytics,2024-03-12,902.57,90.257,21,189.54
Kevin Morris,North America,Marketing,2023-07-24,1874.28,187.428,23,431.08
Carrie Martin,Australia,Business Analytics,2023-05-30,1234.97,123.49700000000001,90,1111.47
Catherine Thompson,Southeast Asia,Cyber Security,2023-05-22,1683.87,168.387,84,1414.45
Heather Moore,Australia,Cyber Security,2020-03-21,1845.02,184.502,37,682.66
Carlos Woods,Southeast Asia,Data Science,2023-01-04,1091.29,109.129,26,283.74
Shelley Rosales,Southeast Asia,Marketing,2021-10-12,1653.05,165.305,75,1239.79
Elijah Wilson,North America,Machine Learning,2020-02-22,1739.41,173.94100000000003,91,1582.86
Joe Perez,Europe,Cyber Security,2020-02-06,985.95,98.59500000000001,34,335.22
Robert Perez,North America,Data Science,2020-04-06,1628.28,162.828,7,113.98
James Lawson,Europe,Machine Learning,2022-04-24,1358.29,135.829,92,1249.63
Christopher Bowen,North America,Business Analytics,2021-05-23,1997.14,199.71400000000003,80,1597.71
Robert Perez,Australia,Machine Learning,2022-07-14,1691.64,169.16400000000002,49,828.9
Christopher Bowen,Europe,Marketing,2020-08-27,506.36,50.636,11,55.7
Alex Frank,North America,Machine Learning,2023-06-28,1830.26,183.026,35,640.59
Catherine Thompson,Southeast Asia,Machine Learning,2024-09-27,1872.85,187.285,71,1329.72
Tiffany Mathews,Australia,Marketing,2021-09-12,581.99,58.199000000000005,59,343.37
Heather Moore,North America,Marketing,2021-09-21,1312.71,131.27100000000002,50,656.36
Justin Weiss,North America,Business Analytics,2024-11-24,561.95,56.19500000000001,36,202.3
Anthony Copeland,North America,Marketing,2023-02-17,1034.53,103.453,71,734.52
Joe Perez,North America,Business Analytics,2020-04-28,1009.39,100.93900000000001,17,171.6
Dr. Cameron Mercado DDS,Australia,Data Science,2020-03-27,1938.09,193.809,15,290.71
John Ruiz,Southeast Asia,Marketing,2021-05-16,1561.81,156.181,36,562.25
Ruth Cunningham,Australia,Business Analytics,2022-10-19,812.77,81.277,56,455.15
James Lawson,North America,Cyber Security,2024-12-18,1470.99,147.09900000000002,3,44.13
Tiffany Mathews,Australia,Marketing,2020-03-02,1031.92,103.19200000000001,85,877.13
Alex Frank,North America,Data Science,2025-07-23,757.18,75.718,85,643.6
James Lawson,Southeast Asia,Machine Learning,2023-06-26,1069.4,106.94000000000001,31,331.51
John Ruiz,Europe,Machine Learning,2020-04-07,1305.47,130.547,98,1279.36
Amanda Owens,Southeast Asia,Machine Learning,2024-04-04,1084.92,108.49200000000002,92,998.13
Dr. Cameron Mercado DDS,Southeast Asia,Data Science,2023-03-24,945.33,94.53300000000002,80,756.26
Ms. Samantha Stein MD,Australia,Business Analytics,2025-04-06,1671.88,167.18800000000002,98,1638.44
Carrie Martin,Southeast Asia,Marketing,2022-12-28,1815.02,181.502,25,453.75
Christopher Bowen,Europe,Business Analytics,2025-01-13,1983.13,198.31300000000002,93,1844.31
Catherine Thompson,Southeast Asia,Data Science,2021-11-04,658.56,65.856,51,335.87
Karen Merritt,North America,Machine Learning,2023-07-18,958.73,95.873,23,220.51
Ms. Samantha Stein MD,Europe,Cyber Security,2024-11-27,780.81,78.081,45,351.36
Dr. Cameron Mercado DDS,Europe,Cyber Security,2023-03-05,1530.42,153.042,20,306.08
Heather Moore,Australia,Business Analytics,2024-05-03,649.43,64.943,55,357.19
Hannah Patterson,Australia,Cyber Security,2021-12-13,1218.22,121.822,42,511.65
Carlos Woods,Southeast Asia,Machine Learning,2022-08-25,1692.95,169.29500000000002,21,355.52
James Lawson,Southeast Asia,Business Analytics,2020-04-12,509.85,50.98500000000001,14,71.38
Kevin Morris,Europe,Business Analytics,2024-05-03,508.75,50.875,43,218.76
Justin Weiss,Australia,Business Analytics,2024-08-30,1058.01,105.801,58,613.65
Hannah Patterson,North America,Cyber Security,2023-11-14,692.45,69.245,51,353.15
Amanda Owens,Europe,Cyber Security,2022-09-13,898.13,89.813,78,700.54
Shelley Rosales,Australia,Data Science,2023-01-11,1140.7,114.07000000000001,4,45.63
Victoria Bowman,Australia,Business Analytics,2021-03-01,697.64,69.764,78,544.16
Ms. Samantha Stein MD,Europe,Data Science,2022-07-04,1379.19,137.919,3,41.38
Robert Perez,Australia,Marketing,2023-01-19,1341.82,134.182,21,281.78
Victoria Bowman,Europe,Data Science,2021-10-12,1418.32,141.832,98,1389.95
Tiffany Mathews,Australia,Cyber Security,2022-04-24,851.96,85.19600000000001,1,8.52
Joseph Mendoza,Europe,Marketing,2020-07-21,1522.88,152.288,76,1157.39
Catherine Thompson,Australia,Business Analytics,2021-05-06,1332.73,133.273,67,892.93
John Ruiz,Australia,Data Science,2023-06-26,925.78,92.578,45,416.6
Alex Frank,North America,Marketing,2024-07-26,940.39,94.039,43,404.37
John Ruiz,Australia,Business Analytics,2024-09-17,1978.75,197.875,64,1266.4
Ruth Cunningham,Australia,Machine Learning,2024-02-23,1288.01,128.80100000000002,85,1094.81
Joseph Mendoza,Australia,Business Analytics,2023-10-27,513.35,51.33500000000001,47,241.27
Elijah Wilson,North America,Machine Learning,2023-06-03,1205.71,120.57100000000001,7,84.4
Wendy Ford,Europe,Cyber Security,2022-10-26,1990.01,199.001,25,497.5
Victoria Bowman,Europe,Marketing,2022-08-30,672.51,67.251,28,188.3
Christopher Bowen,Europe,Machine Learning,2021-06-19,1294.22,129.422,48,621.23
Karen Merritt,Southeast Asia,Business Analytics,2025-02-09,687.75,68.775,9,61.9
Hannah Patterson,Southeast Asia,Marketing,2021-06-05,619.91,61.991,79,489.73
Alex Frank,Australia,Business Analytics,2021-10-13,806.55,80.655,61,492.0
Carrie Martin,Europe,Business Analytics,2022-01-06,879.09,87.909,9,79.12
Anthony Copeland,Southeast Asia,Marketing,2024-10-15,1648.03,164.803,66,1087.7
Anthony Copeland,Europe,Cyber Security,2022-01-31,825.62,82.56200000000001,96,792.6
Monique Ramirez,North America,Machine Learning,2022-11-27,1427.03,142.703,95,1355.68
Amanda Owens,Europe,Cyber Security,2022-04-22,759.35,75.935,30,227.81
Robert Perez,North America,Cyber Security,2025-04-19,1648.53,164.853,16,263.76
Victoria Bowman,North America,Cyber Security,2025-07-09,1502.29,150.229,28,420.64
Alex Frank,North America,Data Science,2022-04-13,1528.79,152.879,86,1314.76
Tiffany Mathews,Australia,Cyber Security,2020-11-21,928.23,92.82300000000001,56,519.81
Wendy Ford,North America,Marketing,2021-10-24,1725.64,172.56400000000002,45,776.54
Monique Ramirez,Europe,Data Science,2021-01-12,1235.97,123.59700000000001,81,1001.14
Heather Moore,North America,Cyber Security,2023-10-23,1855.49,185.549,84,1558.61
James Lawson,Australia,Data Science,2022-01-05,1330.83,133.083,57,758.57
John Ruiz,Europe,Marketing,2022-04-11,1380.6,138.06,55,759.33
Tiffany Mathews,Europe,Business Analytics,2023-09-14,1650.68,165.068,14,231.1
Ms. Samantha Stein MD,Southeast Asia,Machine Learning,2025-03-13,739.91,73.991,61,451.35
Ms. Samantha Stein MD,Australia,Business Analytics,2021-09-14,1753.26,175.32600000000002,77,1350.01
Catherine Thompson,North America,Machine Learning,2021-06-30,1684.54,168.454,25,421.13
Justin Weiss,Southeast Asia,Machine Learning,2022-05-05,515.2,51.52000000000001,89,458.53
Elijah Wilson,North America,Data Science,2022-01-07,916.43,91.643,13,119.14
Shelley Rosales,Australia,Business Analytics,2024-02-03,1258.14,125.81400000000002,54,679.4
Catherine Thompson,Australia,Cyber Security,2023-12-10,522.99,52.29900000000001,33,172.59
Victoria Bowman,Southeast Asia,Data Science,2024-06-11,1531.62,153.162,59,903.66
Hannah Patterson,Southeast Asia,Marketing,2022-07-24,1585.8,158.58,26,412.31
Catherine Thompson,Southeast Asia,Machine Learning,2024-11-04,1449.86,144.986,55,797.42
Tiffany Mathews,Europe,Cyber Security,2020-08-21,1880.49,188.049,60,1128.29
Alicia King,Europe,Marketing,2020-10-18,845.86,84.58600000000001,59,499.06
James Lawson,Australia,Business Analytics,2025-06-07,1522.86,152.286,89,1355.35
Heather Moore,North America,Data Science,2021-09-08,1294.25,129.425,84,1087.17
Monique Ramirez,Southeast Asia,Machine Learning,2024-08-05,1286.17,128.61700000000002,98,1260.45
Monique Ramirez,Europe,Cyber Security,2021-12-19,1614.21,161.42100000000002,11,177.56
Carlos Woods,Europe,Data Science,2022-01-22,708.82,70.882,43,304.79
Ms. Samantha Stein MD,Southeast Asia,Business Analytics,2021-08-30,1162.33,116.233,36,418.44
Ruth Cunningham,Southeast Asia,Cyber Security,2023-10-06,1181.8,118.18,9,106.36
Elijah Wilson,North America,Cyber Security,2023-12-11,1138.58,113.858,38,432.66
Scott Martin,Southeast Asia,Machine Learning,2024-07-26,1171.07,117.107,29,339.61
Carrie Martin,Southeast Asia,Marketing,2020-04-19,998.18,99.818,91,908.34
Catherine Thompson,Australia,Cyber Security,2020-08-28,716.93,71.693,23,164.89
Vincent Lara,Southeast Asia,Marketing,2022-08-17,1555.61,155.561,28,435.57
Joe Perez,Australia,Machine Learning,2022-01-28,1948.62,194.862,3,58.46
Robert Perez,Europe,Cyber Security,2022-04-18,1344.81,134.481,29,389.99
Shelley Rosales,Europe,Cyber Security,2020-03-06,1120.5,112.05000000000001,74,829.17
Heather Moore,Australia,Machine Learning,2020-06-01,787.02,78.702,3,23.61
John Ruiz,Southeast Asia,Business Analytics,2022-08-15,681.85,68.185,64,436.38
Karen Merritt,Europe,Cyber Security,2021-10-14,1123.91,112.39100000000002,33,370.89
Tiffany Mathews,Europe,Marketing,2025-05-10,1733.2,173.32000000000002,27,467.96
Ruth Cunningham,Australia,Machine Learning,2024-08-25,731.64,73.164,90,658.48
Kevin Morris,Australia,Data Science,2023-05-13,1714.75,171.47500000000002,8,137.18
Catherine Thompson,Southeast Asia,Data Science,2024-09-12,1558.42,155.842,16,249.35
Robert Perez,Australia,Cyber Security,2020-06-08,1233.32,123.332,51,628.99
Karen Merritt,Southeast Asia,Data Science,2023-07-07,1111.58,111.158,7,77.81
Christopher Bowen,North America,Business Analytics,2022-04-27,1780.58,178.058,61,1086.15
Tiffany Mathews,Southeast Asia,Cyber Security,2024-04-10,1998.43,199.84300000000002,38,759.4
Monique Ramirez,Europe,Cyber Security,2022-11-13,1610.39,161.03900000000002,77,1240.0
Alicia King,Southeast Asia,Cyber Security,2020-05-16,1657.71,165.77100000000002,3,49.73
Karen Merritt,North America,Marketing,2020-07-12,1672.69,167.269,58,970.16
Justin Weiss,Southeast Asia,Business Analytics,2025-07-02,532.34,53.23400000000001,51,271.49
Robert Perez,Southeast Asia,Data Science,2024-04-08,753.51,75.351,32,241.12
James Lawson,Europe,Machine Learning,2024-01-01,1589.92,158.99200000000002,83,1319.63
Christopher Bowen,North America,Marketing,2020-09-07,1287.83,128.783,1,12.88
Carrie Martin,Southeast Asia,Machine Learning,2024-02-14,1906.73,190.673,66,1258.44
James Lawson,Australia,Cyber Security,2024-09-28,1889.01,188.901,33,623.37
Scott Martin,Australia,Data Science,2022-11-25,661.5,66.15,2,13.23
Ms. Samantha Stein MD,Europe,Data Science,2021-06-25,996.53,99.653,34,338.82
Robert Perez,Australia,Machine Learning,2020-05-26,1009.0,100.9,25,252.25
Ruth Cunningham,Southeast Asia,Marketing,2025-04-11,1146.21,114.62100000000001,23,263.63
Joseph Mendoza,Southeast Asia,Marketing,2024-07-26,742.29,74.229,54,400.84
Alicia King,Europe,Machine Learning,2025-06-25,1577.34,157.734,43,678.26
James Lawson,Southeast Asia,Machine Learning,2020-04-14,1718.16,171.81600000000003,62,1065.26
Carrie Martin,North America,Marketing,2020-11-18,1689.92,168.99200000000002,37,625.27
Joe Perez,Southeast Asia,Cyber Security,2022-10-15,1284.36,128.436,58,744.93
John Ruiz,North America,Machine Learning,2023-11-10,1638.01,163.80100000000002,23,376.74
Heather Moore,Southeast Asia,Business Analytics,2023-02-20,675.03,67.503,72,486.02
Joseph Mendoza,North America,Business Analytics,2025-04-12,773.83,77.38300000000001,82,634.54
Alex Frank,Europe,Marketing,2020-09-27,763.43,76.343,32,244.3
Victoria Bowman,Southeast Asia,Business Analytics,2021-06-23,528.65,52.865,8,42.29
Tiffany Mathews,Australia,Marketing,2020-01-24,1644.41,164.44100000000003,15,246.66
Catherine Thompson,Australia,Machine Learning,2021-02-27,1583.3,158.33,13,205.83
Shelley Rosales,Southeast Asia,Data Science,2021-04-21,1685.43,168.543,61,1028.11
Joe Perez,Australia,Cyber Security,2023-11-05,1089.28,108.928,37,403.03
Danielle Morgan,North America,Cyber Security,2024-11-10,1500.52,150.052,34,510.18
Danielle Morgan,Australia,Business Analytics,2023-02-02,1712.1,171.21,72,1232.71
Dr. Cameron Mercado DDS,Southeast Asia,Data Science,2024-05-27,840.79,84.07900000000001,69,580.15
Hannah Patterson,North America,Data Science,2024-08-09,1414.55,141.455,28,396.07
Joseph Mendoza,Southeast Asia,Machine Learning,2021-08-07,1996.41,199.64100000000002,40,798.56
Danielle Morgan,Australia,Data Science,2025-04-15,1858.48,185.848,100,1858.48
Victoria Bowman,Europe,Cyber Security,2024-06-03,1802.21,180.221,10,180.22
Tiffany Mathews,Australia,Business Analytics,2023-05-12,781.87,78.18700000000001,77,602.04
Heather Moore,Australia,Data Science,2024-04-03,1834.75,183.47500000000002,95,1743.01
Alex Frank,North America,Machine Learning,2025-02-16,1774.77,177.477,43,763.15
Joe Perez,Southeast Asia,Cyber Security,2024-11-27,1593.52,159.352,85,1354.49
Alex Frank,North America,Cyber Security,2021-03-02,915.34,91.534,72,659.04
Elijah Wilson,North America,Marketing,2023-05-29,1123.44,112.34400000000001,22,247.16
Victoria Bowman,Southeast Asia,Business Analytics,2021-06-07,586.12,58.612,27,158.25
Wendy Ford,Australia,Cyber Security,2020-09-20,914.77,91.477,84,768.41
Tiffany Mathews,Europe,Machine Learning,2024-10-19,1787.1,178.71,89,1590.52
Catherine Thompson,Europe,Machine Learning,2021-11-25,637.78,63.778,84,535.74
John Ruiz,Southeast Asia,Data Science,2020-07-26,1369.41,136.941,8,109.55
Alicia King,North America,Machine Learning,2021-08-14,1746.22,174.622,41,715.95
Justin Weiss,Southeast Asia,Cyber Security,2024-06-06,580.77,58.077,3,17.42
Dr. Cameron Mercado DDS,North America,Data Science,2021-03-16,1368.04,136.804,20,273.61
Alex Frank,Australia,Business Analytics,2021-06-18,545.54,54.554,42,229.13
Scott Martin,Europe,Business Analytics,2020-08-09,1461.34,146.134,2,29.23
Karen Merritt,Europe,Machine Learning,2022-11-19,779.03,77.903,93,724.5
Tiffany Mathews,Australia,Machine Learning,2024-10-18,676.08,67.608,11,74.37
Carrie Martin,Australia,Marketing,2020-05-20,511.82,51.182,2,10.24
Wendy Ford,Europe,Cyber Security,2023-05-13,1895.36,189.536,72,1364.66
Monique Ramirez,Southeast Asia,Data Science,2022-04-09,1064.3,106.43,39,415.08
Shelley Rosales,Europe,Machine Learning,2021-04-12,916.52,91.652,35,320.78
Anthony Copeland,Australia,Marketing,2024-02-06,1083.78,108.378,63,682.78
Wendy Ford,Australia,Machine Learning,2024-05-12,1869.92,186.99200000000002,99,1851.22
Joseph Mendoza,Europe,Machine Learning,2024-01-12,1518.56,151.856,42,637.8
Vincent Lara,Australia,Cyber Security,2020-11-05,544.78,54.478,29,157.99
Amanda Owens,Europe,Business Analytics,2023-01-17,1349.96,134.996,95,1282.46
Tiffany Mathews,Europe,Machine Learning,2024-03-24,519.45,51.94500000000001,7,36.36
Joseph Mendoza,Southeast Asia,Cyber Security,2022-02-05,1491.12,149.112,25,372.78
John Ruiz,North America,Business Analytics,2025-03-09,1681.7,168.17000000000002,51,857.67
Carlos Woods,Europe,Business Analytics,2021-10-04,1142.43,114.24300000000001,48,548.37
Justin Weiss,Southeast Asia,Cyber Security,2020-10-23,655.52,65.552,11,72.11
Christopher Bowen,North America,Business Analytics,2020-02-15,581.86,58.18600000000001,66,384.03
Scott Martin,Australia,Business Analytics,2021-07-13,1583.89,158.389,56,886.98
Kevin Morris,Europe,Machine Learning,2021-07-05,1422.14,142.21400000000003,30,426.64
John Ruiz,Australia,Business Analytics,2023-05-18,1836.87,183.687,9,165.32
Carrie Martin,Europe,Marketing,2021-10-31,1934.29,193.429,71,1373.35
Shelley Rosales,North America,Marketing,2021-12-19,1430.17,143.01700000000002,1,14.3
Shelley Rosales,Southeast Asia,Cyber Security,2023-03-07,542.82,54.28200000000001,7,38.0
Hannah Patterson,Australia,Cyber Security,2024-10-11,1234.8,123.48,97,1197.76
Alicia King,North America,Data Science,2023-05-03,1323.68,132.36800000000002,18,238.26
Victoria Bowman,Australia,Cyber Security,2022-07-10,1803.87,180.387,80,1443.1
Joe Perez,Southeast Asia,Business Analytics,2021-12-16,1998.49,199.84900000000002,28,559.58
Scott Martin,Southeast Asia,Cyber Security,2024-08-23,573.74,57.374,66,378.67
Anthony Copeland,Australia,Business Analytics,2021-09-01,1198.06,119.806,90,1078.25
Ruth Cunningham,North America,Data Science,2023-04-24,1449.32,144.932,17,246.38
Dr. Cameron Mercado DDS,Southeast Asia,Machine Learning,2021-11-22,776.99,77.69900000000001,18,139.86
Monique Ramirez,Europe,Marketing,2021-08-01,1356.42,135.64200000000002,94,1275.03
Ruth Cunningham,Australia,Cyber Security,2021-01-11,881.26,88.126,18,158.63
Carlos Woods,Europe,Cyber Security,2023-02-04,1918.78,191.87800000000001,63,1208.83
Ms. Samantha Stein MD,Southeast Asia,Data Science,2022-11-10,1037.56,103.756,37,383.9
Tiffany Mathews,Europe,Cyber Security,2021-04-26,1643.02,164.30200000000002,89,1462.29
Heather Moore,Australia,Data Science,2021-12-23,1218.97,121.897,95,1158.02
Kevin Morris,Europe,Data Science,2022-06-11,1250.87,125.08699999999999,82,1025.71
Dr. Cameron Mercado DDS,North America,Machine Learning,2025-06-02,1773.83,177.383,72,1277.16
Justin Weiss,Australia,Cyber Security,2020-03-25,1886.1,188.61,88,1659.77
Kevin Morris,Southeast Asia,Marketing,2021-09-13,1026.42,102.64200000000001,5,51.32
Kevin Morris,Australia,Data Science,2025-05-25,1351.48,135.148,32,432.47
James Lawson,North America,Marketing,2021-10-20,1874.25,187.425,56,1049.58
Carrie Martin,Australia,Data Science,2025-05-17,1276.89,127.68900000000002,27,344.76
Danielle Morgan,North America,Cyber Security,2024-07-31,845.66,84.566,87,735.72
Monique Ramirez,Australia,Cyber Security,2020-06-16,1908.82,190.882,53,1011.67
Robert Perez,North America,Marketing,2020-08-24,1589.51,158.95100000000002,81,1287.5
Joe Perez,Australia,Machine Learning,2022-04-14,990.91,99.09100000000001,59,584.64
Justin Weiss,Europe,Marketing,2021-09-11,1794.2,179.42000000000002,49,879.16
Scott Martin,Southeast Asia,Cyber Security,2022-04-24,1623.97,162.39700000000002,84,1364.13
Wendy Ford,Europe,Data Science,2024-04-02,1530.69,153.06900000000002,68,1040.87
Danielle Morgan,North America,Business Analytics,2023-04-14,1696.43,169.64300000000003,1,16.96
Ms. Samantha Stein MD,Australia,Cyber Security,2025-05-11,1596.76,159.67600000000002,78,1245.47
Danielle Morgan,North America,Marketing,2024-07-27,1623.22,162.322,6,97.39
Carrie Martin,Australia,Cyber Security,2024-07-20,1018.64,101.864,4,40.75
Christopher Bowen,Europe,Machine Learning,2021-04-05,1800.04,180.00400000000002,54,972.02
Alicia King,North America,Business Analytics,2021-04-02,1848.45,184.84500000000003,22,406.66
Heather Moore,North America,Data Science,2022-03-07,1556.91,155.69100000000003,54,840.73
Scott Martin,Southeast Asia,Cyber Security,2023-11-22,1360.97,136.097,88,1197.65
Robert Perez,North America,Machine Learning,2023-04-07,1504.99,150.499,14,210.7
Wendy Ford,North America,Data Science,2024-02-28,1167.35,116.735,13,151.76
James Lawson,Europe,Cyber Security,2020-10-07,1553.58,155.358,57,885.54
Catherine Thompson,North America,Data Science,2020-02-01,1440.36,144.036,62,893.02
Shelley Rosales,Southeast Asia,Machine Learning,2023-11-13,1827.41,182.741,41,749.24
James Lawson,Europe,Data Science,2020-03-22,829.14,82.914,26,215.58
Wendy Ford,North America,Marketing,2020-07-08,1282.83,128.283,43,551.62
Catherine Thompson,Europe,Data Science,2024-05-14,1428.68,142.86800000000002,82,1171.52
Dr. Cameron Mercado DDS,Australia,Cyber Security,2021-07-05,1222.14,122.21400000000001,42,513.3
Wendy Ford,Europe,Business Analytics,2022-03-22,1228.39,122.83900000000001,22,270.25
Hannah Patterson,Europe,Machine Learning,2021-05-21,1768.62,176.862,30,530.59
John Ruiz,Europe,Business Analytics,2022-08-09,645.23,64.52300000000001,18,116.14
Alicia King,North America,Data Science,2025-01-23,605.12,60.512,68,411.48
Kevin Morris,Australia,Business Analytics,2021-06-02,1157.3,115.73,64,740.67
Christopher Bowen,Australia,Cyber Security,2020-08-12,1359.96,135.996,68,924.77
Shelley Rosales,Australia,Data Science,2020-09-22,1529.06,152.906,90,1376.15
John Ruiz,Australia,Cyber Security,2022-05-26,1079.69,107.96900000000001,20,215.94
Anthony Copeland,Southeast Asia,Cyber Security,2024-11-21,1419.84,141.984,73,1036.48
Danielle Morgan,Southeast Asia,Cyber Security,2021-02-28,1804.84,180.484,74,1335.58
Christopher Bowen,Australia,Marketing,2023-07-02,1362.79,136.279,20,272.56
Amanda Owens,North America,Business Analytics,2025-04-02,776.17,77.617,49,380.32
Wendy Ford,Australia,Marketing,2023-10-09,1175.03,117.503,31,364.26
Hannah Patterson,North America,Data Science,2023-05-18,723.13,72.313,55,397.72
Ms. Samantha Stein MD,Southeast Asia,Cyber Security,2023-11-28,1424.21,142.42100000000002,6,85.45
Christopher Bowen,Europe,Cyber Security,2025-05-08,1068.87,106.887,64,684.08
Carlos Woods,Australia,Machine Learning,2020-08-14,1588.76,158.876,48,762.6
Joe Perez,Australia,Cyber Security,2020-08-10,545.14,54.514,56,305.28
Shelley Rosales,Europe,Data Science,2021-11-16,1338.07,133.807,11,147.19
Christopher Bowen,North America,Business Analytics,2022-02-06,1784.65,178.46500000000003,21,374.78
Karen Merritt,North America,Machine Learning,2023-01-28,1437.01,143.701,52,747.25
Amanda Owens,North America,Marketing,2022-01-31,1575.01,157.501,31,488.25
Carrie Martin,Southeast Asia,Data Science,2020-04-17,516.95,51.69500000000001,29,149.92
Hannah Patterson,Europe,Marketing,2020-04-02,913.61,91.361,25,228.4
Victoria Bowman,Europe,Marketing,2024-02-07,1878.67,187.86700000000002,58,1089.63
Ms. Samantha Stein MD,Southeast Asia,Business Analytics,2024-10-19,610.62,61.062000000000005,92,561.77
Monique Ramirez,Europe,Data Science,2020-03-31,1972.97,197.29700000000003,4,78.92
Carlos Woods,Europe,Machine Learning,2021-04-29,1137.28,113.72800000000001,54,614.13
Catherine Thompson,Southeast Asia,Machine Learning,2025-02-09,1193.93,119.39300000000001,2,23.88
Scott Martin,Europe,Machine Learning,2020-09-06,1086.45,108.64500000000001,26,282.48
Kevin Morris,Southeast Asia,Machine Learning,2021-09-12,1767.1,176.71,25,441.77
Ruth Cunningham,Australia,Data Science,2022-02-17,1245.78,124.578,4,49.83
Amanda Owens,Southeast Asia,Machine Learning,2021-11-01,1168.18,116.81800000000001,1,11.68
Vincent Lara,North America,Data Science,2025-03-02,651.37,65.137,86,560.18
Anthony Copeland,Australia,Business Analytics,2023-10-18,973.72,97.37200000000001,63,613.44
Vincent Lara,Australia,Marketing,2024-05-31,1771.07,177.107,87,1540.83
Catherine Thompson,Southeast Asia,Data Science,2024-01-12,733.67,73.367,84,616.28
John Ruiz,Southeast Asia,Business Analytics,2021-06-07,1864.79,186.479,65,1212.11
Joseph Mendoza,Europe,Machine Learning,2024-03-09,688.01,68.801,92,632.97
Alex Frank,Europe,Machine Learning,2024-04-21,1129.24,112.924,6,67.75
Carlos Woods,North America,Machine Learning,2025-03-01,1483.55,148.355,29,430.23
Alicia King,Southeast Asia,Machine Learning,2023-03-15,1279.01,127.90100000000001,21,268.59
Justin Weiss,Australia,Cyber Security,2024-03-04,1089.09,108.90899999999999,4,43.56
Dr. Cameron Mercado DDS,Southeast Asia,Business Analytics,2020-07-20,1471.88,147.18800000000002,19,279.66
James Lawson,North America,Machine Learning,2024-02-28,1664.55,166.455,73,1215.12
Anthony Copeland,North America,Business Analytics,2020-05-27,955.5,95.55000000000001,87,831.28
Robert Perez,Southeast Asia,Marketing,2023-01-28,773.52,77.352,6,46.41
Carrie Martin,Europe,Marketing,2022-04-30,629.87,62.987,6,37.79
Karen Merritt,Southeast Asia,Business Analytics,2023-03-01,1881.5,188.15,21,395.12
Monique Ramirez,North America,Cyber Security,2022-07-15,1568.08,156.808,69,1081.98
Danielle Morgan,Europe,Business Analytics,2020-03-17,1513.43,151.34300000000002,37,559.97
Christopher Bowen,Australia,Machine Learning,2020-10-21,761.14,76.114,84,639.36
Heather Moore,Southeast Asia,Marketing,2022-01-07,1433.98,143.398,94,1347.94
Vincent Lara,Europe,Machine Learning,2021-10-19,1095.54,109.554,67,734.01
Vincent Lara,Southeast Asia,Marketing,2020-09-01,1012.59,101.25900000000001,18,182.27
Scott Martin,Europe,Data Science,2021-06-22,1683.68,168.36800000000002,50,841.84
Tiffany Mathews,Europe,Cyber Security,2025-06-21,1627.08,162.708,78,1269.12
Dr. Cameron Mercado DDS,North America,Machine Learning,2020-04-15,1898.6,189.86,94,1784.68
Kevin Morris,Southeast Asia,Machine Learning,2023-03-08,552.62,55.262,16,88.42
Tiffany Mathews,North America,Cyber Security,2022-02-21,1136.38,113.63800000000002,72,818.19
Alicia King,Southeast Asia,Business Analytics,2021-02-16,1635.59,163.559,29,474.32
Tiffany Mathews,North America,Data Science,2022-03-27,1511.79,151.179,84,1269.9
Anthony Copeland,Southeast Asia,Marketing,2022-03-11,748.09,74.80900000000001,37,276.79
Joseph Mendoza,Southeast Asia,Marketing,2022-11-16,1698.18,169.818,50,849.09
Ruth Cunningham,Australia,Marketing,2021-12-28,1497.51,149.751,11,164.73
Heather Moore,Europe,Machine Learning,2022-12-31,1892.21,189.221,26,491.97
Catherine Thompson,Southeast Asia,Cyber Security,2024-01-11,915.97,91.59700000000001,72,659.5
Hannah Patterson,Australia,Machine Learning,2024-09-17,776.48,77.64800000000001,81,628.95
Kevin Morris,Europe,Machine Learning,2021-10-17,602.56,60.256,63,379.61
Anthony Copeland,Southeast Asia,Marketing,2025-05-14,1932.57,193.257,18,347.86
Monique Ramirez,Europe,Machine Learning,2022-07-04,1351.82,135.182,98,1324.78
Christopher Bowen,Europe,Cyber Security,2021-09-09,1091.7,109.17000000000002,98,1069.87
John Ruiz,Europe,Marketing,2022-11-24,1896.07,189.607,80,1516.86
Ruth Cunningham,Europe,Cyber Security,2020-04-29,1534.18,153.418,15,230.13
Amanda Owens,Australia,Cyber Security,2020-02-12,678.1,67.81,88,596.73
Joseph Mendoza,North America,Marketing,2024-03-21,1825.16,182.51600000000002,43,784.82
Catherine Thompson,Australia,Cyber Security,2020-07-12,675.14,67.514,83,560.37
Joseph Mendoza,Australia,Cyber Security,2022-04-27,1035.26,103.52600000000001,72,745.39
Elijah Wilson,North America,Business Analytics,2020-10-24,642.41,64.241,48,308.36
Hannah Patterson,Europe,Marketing,2022-06-14,1047.61,104.761,87,911.42
Joe Perez,Australia,Marketing,2023-06-28,1459.9,145.99,31,452.57
Elijah Wilson,Europe,Marketing,2022-03-25,1036.82,103.682,57,590.99
Joseph Mendoza,Europe,Data Science,2024-03-29,1148.44,114.84400000000001,27,310.08
James Lawson,North America,Data Science,2024-03-15,945.53,94.553,37,349.85
Joe Perez,Southeast Asia,Business Analytics,2022-12-23,782.92,78.292,28,219.22
Amanda Owens,Europe,Marketing,2020-06-19,1183.28,118.328,88,1041.29
Victoria Bowman,Australia,Marketing,2025-03-06,719.05,71.905,71,510.53
Robert Perez,Southeast Asia,Data Science,2020-05-18,885.22,88.522,74,655.06
Victoria Bowman,Australia,Business Analytics,2020-08-05,1370.62,137.06199999999998,86,1178.73
Joe Perez,Europe,Data Science,2022-04-11,1795.98,179.598,72,1293.11
Amanda Owens,Australia,Cyber Security,2020-06-21,1433.21,143.321,95,1361.55
Alex Frank,North America,Machine Learning,2025-07-01,678.85,67.885,99,672.06
Robert Perez,Australia,Machine Learning,2022-01-30,1505.45,150.54500000000002,49,737.67
Ruth Cunningham,Australia,Marketing,2020-11-16,1337.62,133.762,45,601.93
Amanda Owens,Southeast Asia,Machine Learning,2025-07-19,1511.4,151.14000000000001,2,30.23
Shelley Rosales,Southeast Asia,Marketing,2024-01-09,628.82,62.882000000000005,64,402.44
Carlos Woods,Southeast Asia,Cyber Security,2025-03-07,813.58,81.358,17,138.31
Robert Perez,Southeast Asia,Marketing,2020-07-18,929.87,92.98700000000001,95,883.38
John Ruiz,North America,Cyber Security,2020-10-22,1654.67,165.467,81,1340.28
Danielle Morgan,Europe,Marketing,2020-03-06,1286.63,128.663,36,463.19
Anthony Copeland,Europe,Business Analytics,2021-01-03,936.91,93.691,32,299.81
James Lawson,Europe,Cyber Security,2021-07-30,1242.71,124.27100000000002,64,795.33
Catherine Thompson,Southeast Asia,Marketing,2022-08-13,935.23,93.52300000000001,87,813.65
Alicia King,North America,Marketing,2020-07-01,1952.77,195.27700000000002,17,331.97
Heather Moore,Europe,Cyber Security,2022-08-30,1238.3,123.83,61,755.36
Hannah Patterson,Southeast Asia,Marketing,2024-10-18,1413.12,141.31199999999998,91,1285.94
Christopher Bowen,North America,Data Science,2025-07-08,833.15,83.315,68,566.54
Joseph Mendoza,Europe,Data Science,2025-07-09,693.41,69.341,63,436.85
Catherine Thompson,Australia,Business Analytics,2025-03-03,1461.58,146.158,77,1125.42
Alex Frank,Southeast Asia,Data Science,2024-03-11,510.67,51.06700000000001,59,301.3
Heather Moore,Europe,Cyber Security,2025-01-19,1105.82,110.582,15,165.87
Heather Moore,Australia,Cyber Security,2021-02-18,640.6,64.06,66,422.8
Shelley Rosales,Europe,Business Analytics,2022-10-14,1030.53,103.053,10,103.05
Joe Perez,North America,Marketing,2021-03-17,1218.2,121.82000000000001,84,1023.29
Victoria Bowman,Australia,Cyber Security,2022-04-12,1219.1,121.91,41,499.83
Amanda Owens,Southeast Asia,Machine Learning,2025-07-12,979.03,97.903,36,352.45
Shelley Rosales,Southeast Asia,Cyber Security,2020-04-28,601.14,60.114000000000004,43,258.49
James Lawson,North America,Data Science,2022-10-18,1887.28,188.728,42,792.66
Ruth Cunningham,Europe,Data Science,2021-04-26,564.02,56.402,46,259.45
Ms. Samantha Stein MD,Southeast Asia,Machine Learning,2021-01-30,1665.37,166.537,52,865.99
Joe Perez,Australia,Data Science,2022-02-02,980.15,98.015,56,548.88
Heather Moore,Australia,Cyber Security,2024-03-23,1506.61,150.661,45,677.97
Anthony Copeland,North America,Cyber Security,2020-08-26,1257.19,125.71900000000001,12,150.86
John Ruiz,Europe,Business Analytics,2023-11-15,1774.49,177.449,60,1064.69
Amanda Owens,Southeast Asia,Business Analytics,2023-01-12,860.58,86.058,90,774.52
Tiffany Mathews,Australia,Cyber Security,2023-04-11,1240.64,124.06400000000002,14,173.69
John Ruiz,North America,Data Science,2021-04-01,1655.28,165.52800000000002,66,1092.48
Carrie Martin,Australia,Data Science,2025-05-25,1335.54,133.554,97,1295.47
Karen Merritt,North America,Marketing,2022-02-22,1791.5,179.15,42,752.43
Monique Ramirez,Australia,Data Science,2021-04-24,1996.9,199.69000000000003,84,1677.4
Hannah Patterson,Europe,Business Analytics,2021-07-15,1933.51,193.351,20,386.7
Karen Merritt,Southeast Asia,Machine Learning,2025-07-24,1175.45,117.54500000000002,40,470.18
Anthony Copeland,Australia,Cyber Security,2023-07-21,1919.81,191.981,73,1401.46
Joe Perez,Europe,Cyber Security,2021-10-23,782.11,78.21100000000001,61,477.09
Danielle Morgan,Europe,Marketing,2020-09-17,1919.77,191.977,65,1247.85
Carlos Woods,Southeast Asia,Data Science,2022-01-25,1642.11,164.211,65,1067.37
Anthony Copeland,North America,Marketing,2020-09-21,643.1,64.31,31,199.36
Anthony Copeland,Southeast Asia,Marketing,2023-03-29,719.75,71.97500000000001,1,7.2
Christopher Bowen,North America,Data Science,2020-10-25,553.19,55.31900000000001,8,44.26
Hannah Patterson,North America,Business Analytics,2025-01-19,885.32,88.53200000000001,63,557.75
Alex Frank,Europe,Marketing,2020-09-04,1039.71,103.971,80,831.77
Heather Moore,Australia,Data Science,2020-12-12,1106.35,110.63499999999999,95,1051.03
Shelley Rosales,Southeast Asia,Marketing,2024-10-17,1756.66,175.66600000000003,64,1124.26
Carlos Woods,Southeast Asia,Business Analytics,2022-09-30,1814.85,181.485,24,435.56
Carlos Woods,Europe,Business Analytics,2022-07-22,1550.35,155.035,63,976.72
John Ruiz,Europe,Cyber Security,2024-11-01,1631.01,163.101,41,668.71
Robert Perez,Australia,Data Science,2023-07-02,1103.69,110.36900000000001,55,607.03
Joseph Mendoza,Southeast Asia,Data Science,2023-09-11,518.05,51.805,42,217.58
Wendy Ford,North America,Marketing,2021-10-03,849.82,84.98200000000001,46,390.92
Kevin Morris,Europe,Machine Learning,2024-08-01,798.24,79.82400000000001,20,159.65
Catherine Thompson,Australia,Machine Learning,2022-10-24,1039.5,103.95,22,228.69
Heather Moore,Southeast Asia,Cyber Security,2022-07-03,882.47,88.24700000000001,61,538.31
Karen Merritt,Southeast Asia,Machine Learning,2020-05-25,908.82,90.882,78,708.88
Catherine Thompson,Southeast Asia,Data Science,2022-07-09,531.02,53.102000000000004,18,95.58
Ruth Cunningham,Australia,Business Analytics,2025-07-21,622.79,62.278999999999996,27,168.15
Vincent Lara,Southeast Asia,Business Analytics,2024-10-08,1998.61,199.861,18,359.75
Wendy Ford,Southeast Asia,Cyber Security,2020-10-05,1650.4,165.04000000000002,85,1402.84
Anthony Copeland,North America,Marketing,2021-05-23,620.15,62.015,34,210.85
Justin Weiss,Australia,Marketing,2021-03-25,1337.06,133.706,25,334.26
John Ruiz,North America,Marketing,2021-10-16,502.07,50.207,84,421.74
Amanda Owens,North America,Machine Learning,2025-02-15,514.7,51.470000000000006,27,138.97
Hannah Patterson,Australia,Cyber Security,2021-08-08,1499.11,149.911,78,1169.31
Alex Frank,Australia,Business Analytics,2021-03-31,1285.82,128.582,90,1157.24
Catherine Thompson,Europe,Business Analytics,2020-02-20,645.88,64.58800000000001,70,452.12
Tiffany Mathews,Europe,Business Analytics,2022-09-28,1765.67,176.567,37,653.3
Joe Perez,North America,Marketing,2020-04-22,783.76,78.376,45,352.69
Elijah Wilson,Europe,Cyber Security,2024-03-29,552.27,55.227000000000004,19,104.93
Amanda Owens,Southeast Asia,Data Science,2022-05-01,1656.56,165.656,22,364.44
Shelley Rosales,Europe,Marketing,2025-04-23,1885.71,188.57100000000003,61,1150.28
Ms. Samantha Stein MD,Australia,Marketing,2024-02-04,973.42,97.342,90,876.08
Joseph Mendoza,Australia,Business Analytics,2021-12-25,1970.52,197.05200000000002,2,39.41
Heather Moore,North America,Marketing,2020-01-10,1912.23,191.223,2,38.24
Christopher Bowen,Europe,Marketing,2023-08-16,1588.51,158.851,44,698.94
James Lawson,Australia,Data Science,2024-02-03,1874.41,187.44100000000003,22,412.37
Anthony Copeland,Southeast Asia,Business Analytics,2020-06-14,955.64,95.56400000000001,52,496.93
John Ruiz,Europe,Cyber Security,2021-10-07,1877.55,187.755,35,657.14
Wendy Ford,North America,Business Analytics,2022-09-26,1687.89,168.78900000000002,81,1367.19
Anthony Copeland,Australia,Cyber Security,2021-05-27,1921.18,192.11800000000002,72,1383.25
Scott Martin,North America,Data Science,2025-04-18,1855.96,185.596,51,946.54
Catherine Thompson,Australia,Marketing,2021-12-08,917.78,91.778,68,624.09
Wendy Ford,Europe,Cyber Security,2025-02-22,1012.92,101.292,75,759.69
Alicia King,North America,Data Science,2022-12-02,550.25,55.025000000000006,29,159.57
Heather Moore,North America,Machine Learning,2025-01-10,1254.18,125.418,44,551.84
Justin Weiss,Australia,Business Analytics,2024-11-29,1973.26,197.32600000000002,43,848.5
Hannah Patterson,Australia,Machine Learning,2025-01-08,965.22,96.522,38,366.78
John Ruiz,North America,Machine Learning,2022-09-10,783.37,78.337,97,759.87
Amanda Owens,Australia,Business Analytics,2021-12-18,1940.86,194.086,23,446.4
Dr. Cameron Mercado DDS,Europe,Cyber Security,2024-02-15,1000.04,100.004,67,670.03
Shelley Rosales,North America,Machine Learning,2024-05-26,587.95,58.79500000000001,4,23.52
Heather Moore,North America,Cyber Security,2020-09-19,667.71,66.771,73,487.43
Dr. Cameron Mercado DDS,North America,Cyber Security,2022-03-04,1343.19,134.31900000000002,46,617.87
Dr. Cameron Mercado DDS,Southeast Asia,Marketing,2025-04-23,855.67,85.56700000000001,70,598.97
Vincent Lara,Australia,Business Analytics,2020-01-29,1134.2,113.42000000000002,83,941.39
Wendy Ford,Australia,Business Analytics,2023-06-20,840.37,84.037,98,823.56
Alicia King,Europe,Data Science,2024-10-26,837.9,83.79,55,460.85
Catherine Thompson,Southeast Asia,Marketing,2023-01-13,1547.76,154.776,95,1470.37
Elijah Wilson,Europe,Machine Learning,2025-07-23,1455.25,145.525,45,654.86
Ruth Cunningham,Australia,Machine Learning,2025-06-11,1475.61,147.561,51,752.56
Elijah Wilson,Europe,Marketing,2025-05-06,673.09,67.30900000000001,1,6.73
Ms. Samantha Stein MD,Southeast Asia,Machine Learning,2021-12-10,692.26,69.226,96,664.57
Tiffany Mathews,Australia,Business Analytics,2025-02-16,769.7,76.97000000000001,68,523.4
Amanda Owens,Europe,Machine Learning,2023-11-09,780.42,78.042,65,507.27
Elijah Wilson,Southeast Asia,Machine Learning,2025-05-13,764.29,76.429,80,611.43
Wendy Ford,Australia,Cyber Security,2021-09-21,1270.18,127.01800000000001,94,1193.97
Heather Moore,Australia,Machine Learning,2021-09-23,1816.43,181.64300000000003,41,744.74
Amanda Owens,Australia,Machine Learning,2025-02-22,970.57,97.05700000000002,79,766.75
Kevin Morris,Europe,Marketing,2025-05-19,645.28,64.528,79,509.77
Shelley Rosales,North America,Machine Learning,2025-01-13,859.85,85.98500000000001,26,223.56
Vincent Lara,Southeast Asia,Marketing,2021-05-13,872.19,87.21900000000001,90,784.97
Shelley Rosales,Europe,Data Science,2020-07-23,1648.71,164.871,13,214.33
Ruth Cunningham,North America,Machine Learning,2022-01-12,1434.06,143.406,7,100.38
Karen Merritt,North America,Data Science,2023-06-04,1910.58,191.058,72,1375.62
Amanda Owens,Southeast Asia,Marketing,2025-04-03,1896.57,189.657,67,1270.7
Kevin Morris,Southeast Asia,Cyber Security,2022-01-11,1322.21,132.221,58,766.88
Joe Perez,Europe,Cyber Security,2025-07-02,1638.43,163.84300000000002,93,1523.74
Christopher Bowen,Australia,Business Analytics,2023-01-03,968.78,96.878,74,716.9
Scott Martin,Europe,Cyber Security,2022-01-31,1520.51,152.05100000000002,50,760.25
Ruth Cunningham,North America,Data Science,2020-03-03,1311.13,131.11300000000003,45,590.01
Wendy Ford,Europe,Cyber Security,2024-11-25,1186.59,118.65899999999999,2,23.73
Vincent Lara,Europe,Machine Learning,2022-03-24,1565.44,156.544,2,31.31
Carrie Martin,Europe,Machine Learning,2022-08-21,632.47,63.24700000000001,12,75.9
Vincent Lara,Australia,Business Analytics,2024-07-06,763.27,76.327,71,541.92
Amanda Owens,Europe,Machine Learning,2024-08-18,1781.86,178.186,76,1354.21
Shelley Rosales,Southeast Asia,Cyber Security,2022-05-07,1004.41,100.441,100,1004.41
Heather Moore,Australia,Marketing,2020-01-17,1746.33,174.633,14,244.49
Victoria Bowman,Southeast Asia,Data Science,2025-06-27,694.6,69.46000000000001,40,277.84
Ms. Samantha Stein MD,North America,Data Science,2024-05-21,675.17,67.517,11,74.27
John Ruiz,Southeast Asia,Data Science,2022-07-14,1579.64,157.96400000000003,20,315.93
Scott Martin,Europe,Machine Learning,2025-05-20,761.27,76.127,67,510.05
Christopher Bowen,Australia,Data Science,2020-06-11,1779.76,177.976,22,391.55
Justin Weiss,Europe,Cyber Security,2023-04-20,798.35,79.83500000000001,36,287.41
Hannah Patterson,Australia,Marketing,2024-08-08,900.0,90.0,75,675.0
Shelley Rosales,North America,Marketing,2025-04-14,1706.83,170.683,3,51.2
James Lawson,Australia,Data Science,2020-07-31,1106.16,110.61600000000001,29,320.79
Christopher Bowen,North America,Marketing,2025-01-09,874.7,87.47000000000001,88,769.74
Joe Perez,Southeast Asia,Machine Learning,2020-04-30,1314.92,131.49200000000002,16,210.39
Alicia King,Europe,Business Analytics,2024-04-09,1701.56,170.156,44,748.69
Carrie Martin,Southeast Asia,Data Science,2025-02-23,1416.77,141.677,33,467.53
Victoria Bowman,Europe,Machine Learning,2024-05-13,703.21,70.32100000000001,47,330.51
Carrie Martin,Australia,Business Analytics,2022-01-13,623.66,62.366,94,586.24
Alicia King,Australia,Marketing,2020-03-24,1054.36,105.43599999999999,1,10.54
Shelley Rosales,North America,Marketing,2024-11-17,970.93,97.093,19,184.48
Dr. Cameron Mercado DDS,Southeast Asia,Data Science,2022-04-07,1642.5,164.25,58,952.65
Alex Frank,Europe,Business Analytics,2025-02-02,1761.55,176.155,21,369.93
Joseph Mendoza,Australia,Data Science,2023-06-02,1173.24,117.32400000000001,43,504.49
Elijah Wilson,Southeast Asia,Data Science,2022-12-21,1118.28,111.828,41,458.49
Karen Merritt,North America,Data Science,2022-10-17,927.19,92.71900000000001,78,723.21
Danielle Morgan,Southeast Asia,Machine Learning,2023-08-23,897.74,89.774,35,314.21
Carlos Woods,Australia,Data Science,2021-07-26,1350.78,135.078,56,756.44
Vincent Lara,Europe,Machine Learning,2020-02-21,1685.51,168.55100000000002,65,1095.58
John Ruiz,Australia,Marketing,2021-12-30,728.24,72.824,28,203.91
Victoria Bowman,North America,Machine Learning,2021-06-23,544.21,54.42100000000001,69,375.5
Justin Weiss,Australia,Machine Learning,2020-05-06,687.08,68.70800000000001,48,329.8
James Lawson,Europe,Machine Learning,2025-04-07,1259.87,125.987,83,1045.69
Carlos Woods,North America,Data Science,2024-02-04,1233.57,123.357,89,1097.88
Elijah Wilson,Europe,Cyber Security,2020-10-07,649.9,64.99,80,519.92
Kevin Morris,Southeast Asia,Cyber Security,2023-03-24,1303.39,130.33900000000003,58,755.97
Monique Ramirez,Southeast Asia,Marketing,2023-12-06,566.01,56.601,5,28.3
Wendy Ford,Europe,Data Science,2021-05-17,1984.0,198.4,52,1031.68
Alex Frank,Australia,Business Analytics,2025-04-13,739.38,73.938,72,532.35
Robert Perez,Europe,Machine Learning,2022-12-20,1676.08,167.608,92,1541.99
Alicia King,Europe,Machine Learning,2021-11-07,1419.24,141.924,79,1121.2
John Ruiz,North America,Marketing,2020-03-22,1878.1,187.81,72,1352.23
Karen Merritt,Australia,Cyber Security,2023-08-06,1786.49,178.649,93,1661.44
Danielle Morgan,North America,Data Science,2025-01-12,1901.39,190.139,65,1235.9
Carrie Martin,Europe,Marketing,2024-01-11,1044.91,104.49100000000001,92,961.32
Robert Perez,Southeast Asia,Cyber Security,2023-05-08,954.5,95.45,96,916.32
Robert Perez,Southeast Asia,Machine Learning,2024-07-16,534.04,53.403999999999996,12,64.08
Hannah Patterson,Australia,Machine Learning,2024-02-16,1213.61,121.36099999999999,3,36.41
Victoria Bowman,Southeast Asia,Business Analytics,2024-08-07,639.81,63.980999999999995,77,492.65
Robert Perez,Australia,Business Analytics,2021-08-09,973.47,97.34700000000001,14,136.29
Justin Weiss,Southeast Asia,Machine Learning,2020-07-01,975.82,97.58200000000001,32,312.26
Carlos Woods,Australia,Cyber Security,2023-12-12,1234.43,123.44300000000001,71,876.45
Victoria Bowman,Southeast Asia,Business Analytics,2020-07-28,957.19,95.71900000000001,14,134.01
Danielle Morgan,North America,Cyber Security,2023-08-12,1017.77,101.777,60,610.66
Joe Perez,Europe,Data Science,2025-07-05,1590.56,159.056,75,1192.92
Joseph Mendoza,North America,Machine Learning,2020-09-17,843.88,84.388,24,202.53
Vincent Lara,Europe,Data Science,2023-09-06,1778.79,177.87900000000002,76,1351.88
Dr. Cameron Mercado DDS,North America,Cyber Security,2020-12-24,711.43,71.143,42,298.8
James Lawson,Europe,Marketing,2023-02-05,1642.6,164.26,7,114.98
Monique Ramirez,Southeast Asia,Machine Learning,2021-10-02,1986.36,198.636,27,536.32
Christopher Bowen,Europe,Marketing,2021-12-28,937.32,93.73200000000001,10,93.73
Hannah Patterson,North America,Cyber Security,2021-02-03,906.75,90.67500000000001,32,290.16
Victoria Bowman,Europe,Business Analytics,2020-10-06,869.54,86.95400000000001,74,643.46
Shelley Rosales,Australia,Cyber Security,2024-10-11,1515.68,151.568,96,1455.05
Shelley Rosales,North America,Data Science,2025-07-25,1407.58,140.758,20,281.52
Wendy Ford,North America,Marketing,2023-09-07,1375.79,137.579,86,1183.18
Karen Merritt,North America,Business Analytics,2025-03-27,827.2,82.72000000000001,76,628.67
Christopher Bowen,Australia,Data Science,2024-12-31,1771.36,177.136,81,1434.8
Ruth Cunningham,Southeast Asia,Machine Learning,2023-07-02,920.45,92.04500000000002,74,681.13
James Lawson,North America,Cyber Security,2021-02-10,1478.21,147.821,39,576.5
Alicia King,North America,Business Analytics,2021-07-11,1117.71,111.77100000000002,67,748.87
Carlos Woods,Europe,Cyber Security,2024-12-12,1267.05,126.705,43,544.83
Shelley Rosales,Europe,Data Science,2023-01-29,1253.38,125.33800000000002,60,752.03
Justin Weiss,Europe,Data Science,2021-07-22,970.51,97.051,61,592.01
Joseph Mendoza,North America,Business Analytics,2024-10-11,1272.3,127.23,35,445.31
Ruth Cunningham,Southeast Asia,Data Science,2024-08-30,883.28,88.328,90,794.95
Wendy Ford,Southeast Asia,Business Analytics,2020-04-01,1230.92,123.09200000000001,23,283.11
Scott Martin,Australia,Cyber Security,2023-04-21,1600.97,160.097,6,96.06
Robert Perez,North America,Business Analytics,2020-07-10,1740.79,174.079,26,452.61
Shelley Rosales,Europe,Machine Learning,2024-10-10,900.57,90.05700000000002,68,612.39
Vincent Lara,Europe,Business Analytics,2024-11-05,1085.89,108.58900000000001,52,564.66
Justin Weiss,Southeast Asia,Data Science,2021-08-01,1370.07,137.007,90,1233.06
Elijah Wilson,North America,Data Science,2022-02-13,646.64,64.664,80,517.31
Joseph Mendoza,North America,Cyber Security,2022-10-23,771.75,77.17500000000001,86,663.71
Tiffany Mathews,Australia,Marketing,2023-05-23,1388.7,138.87,85,1180.39
Alex Frank,Southeast Asia,Marketing,2021-04-10,1070.81,107.081,19,203.45
Alex Frank,Europe,Cyber Security,2023-11-24,1443.06,144.306,92,1327.62
Carrie Martin,Australia,Business Analytics,2023-05-02,795.88,79.58800000000001,68,541.2
Wendy Ford,Europe,Machine Learning,2023-12-27,1459.01,145.901,70,1021.31
Anthony Copeland,North America,Machine Learning,2024-01-02,1338.57,133.857,73,977.16
Catherine Thompson,Europe,Machine Learning,2025-05-31,502.14,50.214,49,246.05
Kevin Morris,Southeast Asia,Marketing,2023-10-08,1262.25,126.22500000000001,46,580.63
Victoria Bowman,North America,Marketing,2021-04-19,770.45,77.04500000000002,62,477.68
Danielle Morgan,Southeast Asia,Cyber Security,2020-04-26,862.94,86.29400000000001,65,560.91
Anthony Copeland,Europe,Machine Learning,2021-05-04,1576.98,157.698,63,993.5
Monique Ramirez,Europe,Cyber Security,2024-07-13,605.17,60.516999999999996,74,447.83
Hannah Patterson,Southeast Asia,Marketing,2020-08-15,508.38,50.838,48,244.02
Victoria Bowman,Australia,Machine Learning,2023-11-09,1713.35,171.335,84,1439.21
Joe Perez,North America,Marketing,2024-06-10,648.16,64.816,96,622.23
Justin Weiss,North America,Marketing,2024-04-21,1685.88,168.58800000000002,52,876.66
Joseph Mendoza,Southeast Asia,Marketing,2020-03-09,1198.37,119.83699999999999,69,826.88
Heather Moore,Australia,Machine Learning,2022-01-09,802.54,80.254,99,794.51
Amanda Owens,North America,Machine Learning,2023-06-24,752.38,75.238,77,579.33
Alex Frank,Europe,Machine Learning,2023-07-15,1860.87,186.087,51,949.04
Karen Merritt,Europe,Marketing,2021-05-05,1329.37,132.93699999999998,14,186.11
Christopher Bowen,Europe,Cyber Security,2023-05-18,865.37,86.537,55,475.95
Wendy Ford,Europe,Marketing,2023-11-28,1507.49,150.749,22,331.65
Scott Martin,Southeast Asia,Business Analytics,2024-10-23,931.52,93.152,59,549.6
Joseph Mendoza,North America,Marketing,2021-11-18,1216.23,121.623,73,887.85
Kevin Morris,Australia,Marketing,2023-01-07,597.59,59.75900000000001,63,376.48
Ruth Cunningham,Australia,Machine Learning,2022-02-27,1035.2,103.52000000000001,35,362.32
Alicia King,Europe,Machine Learning,2025-01-05,1877.5,187.75,12,225.3
Victoria Bowman,North America,Machine Learning,2021-12-28,1973.85,197.385,51,1006.66
Karen Merritt,Australia,Data Science,2024-03-02,716.28,71.628,19,136.09
Carrie Martin,North America,Cyber Security,2022-04-30,1407.83,140.783,38,534.98
Karen Merritt,Australia,Data Science,2024-07-23,1699.94,169.99400000000003,69,1172.96
Victoria Bowman,Europe,Marketing,2020-11-13,1731.9,173.19000000000003,12,207.83
Ruth Cunningham,Europe,Business Analytics,2022-04-30,1330.81,133.081,44,585.56
Karen Merritt,North America,Machine Learning,2020-01-13,1986.78,198.678,41,814.58
Christopher Bowen,North America,Cyber Security,2025-02-21,625.26,62.526,46,287.62
Robert Perez,Europe,Cyber Security,2025-04-29,1706.7,170.67000000000002,54,921.62
Justin Weiss,Australia,Machine Learning,2024-01-18,1338.52,133.852,69,923.58
Elijah Wilson,North America,Machine Learning,2024-10-06,517.94,51.79400000000001,59,305.58
Elijah Wilson,Europe,Marketing,2022-05-14,949.56,94.956,41,389.32
Alicia King,Southeast Asia,Marketing,2020-08-28,529.79,52.979,42,222.51
Vincent Lara,Australia,Cyber Security,2024-01-21,1654.16,165.41600000000003,6,99.25
Ruth Cunningham,Southeast Asia,Cyber Security,2020-07-23,707.9,70.79,12,84.95
John Ruiz,Southeast Asia,Marketing,2020-10-31,1903.64,190.36400000000003,33,628.2
James Lawson,Australia,Data Science,2023-05-23,754.48,75.44800000000001,3,22.63
Robert Perez,Australia,Business Analytics,2025-04-04,930.43,93.043,94,874.6
Hannah Patterson,Australia,Data Science,2022-07-19,1760.86,176.086,85,1496.73
Alicia King,Southeast Asia,Cyber Security,2020-12-01,1220.03,122.003,87,1061.43
Carrie Martin,North America,Data Science,2020-07-20,1418.3,141.83,36,510.59
Karen Merritt,North America,Marketing,2020-06-12,1078.04,107.804,74,797.75
Ruth Cunningham,Australia,Marketing,2024-07-14,1760.89,176.08900000000003,75,1320.67
Carrie Martin,Southeast Asia,Data Science,2024-05-02,1410.66,141.066,83,1170.85
John Ruiz,Southeast Asia,Machine Learning,2024-07-29,1666.51,166.651,27,449.96
Anthony Copeland,Southeast Asia,Marketing,2024-03-20,987.1,98.71000000000001,11,108.58
Scott Martin,North America,Business Analytics,2020-01-18,1659.36,165.936,51,846.27
Tiffany Mathews,Southeast Asia,Business Analytics,2022-10-02,1839.64,183.96400000000003,72,1324.54
Wendy Ford,North America,Machine Learning,2022-08-12,1325.83,132.583,12,159.1
Ruth Cunningham,Australia,Marketing,2021-12-29,621.29,62.129,25,155.32
Wendy Ford,North America,Cyber Security,2021-09-16,1473.0,147.3,54,795.42
Victoria Bowman,Southeast Asia,Business Analytics,2024-10-18,901.43,90.143,54,486.77
Elijah Wilson,Europe,Data Science,2022-03-26,1266.08,126.608,63,797.63
Carrie Martin,North America,Data Science,2023-06-22,1027.4,102.74000000000001,67,688.36
Amanda Owens,Europe,Marketing,2022-09-24,513.13,51.313,87,446.42
Carrie Martin,Southeast Asia,Business Analytics,2021-02-27,874.42,87.44200000000001,95,830.7
Alicia King,Australia,Data Science,2021-04-20,1050.44,105.04400000000001,4,42.02
John Ruiz,Australia,Cyber Security,2025-06-23,660.03,66.003,100,660.03
Alex Frank,Europe,Marketing,2024-04-01,907.76,90.77600000000001,47,426.65
Alex Frank,Australia,Cyber Security,2024-05-07,1545.8,154.58,96,1483.97
Joe Perez,North America,Cyber Security,2022-02-23,886.8,88.68,100,886.8
Joe Perez,Europe,Cyber Security,2023-04-18,1277.08,127.708,93,1187.68
Shelley Rosales,Europe,Cyber Security,2023-12-09,1129.04,112.904,61,688.71
Vincent Lara,North America,Marketing,2020-03-02,979.28,97.928,76,744.25
Elijah Wilson,Australia,Marketing,2025-01-23,1825.04,182.50400000000002,18,328.51
Robert Perez,Southeast Asia,Machine Learning,2020-10-04,616.82,61.68200000000001,53,326.91
Hannah Patterson,Southeast Asia,Data Science,2022-09-11,1609.2,160.92000000000002,4,64.37
Christopher Bowen,Australia,Data Science,2021-08-04,1125.07,112.507,27,303.77
Dr. Cameron Mercado DDS,North America,Cyber Security,2023-06-25,1252.28,125.22800000000001,15,187.84
Hannah Patterson,Australia,Cyber Security,2025-04-11,1153.61,115.36099999999999,82,945.96
Joseph Mendoza,Europe,Data Science,2021-10-12,1889.7,188.97000000000003,36,680.29
Anthony Copeland,Europe,Data Science,2025-04-16,1692.47,169.247,18,304.64
Amanda Owens,Europe,Data Science,2023-12-05,666.41,66.641,63,419.84
Vincent Lara,Southeast Asia,Cyber Security,2021-02-23,1646.75,164.675,52,856.31
Tiffany Mathews,Southeast Asia,Data Science,2022-08-13,1550.26,155.026,95,1472.75
Carrie Martin,Southeast Asia,Data Science,2021-11-16,693.25,69.325,53,367.42
Wendy Ford,Australia,Marketing,2024-02-08,1969.62,196.962,96,1890.84
Carrie Martin,Australia,Marketing,2020-01-22,1603.13,160.31300000000002,67,1074.1
Shelley Rosales,Europe,Data Science,2020-06-13,799.88,79.988,78,623.91
Shelley Rosales,Southeast Asia,Data Science,2021-03-21,1669.11,166.911,48,801.17
Amanda Owens,North America,Business Analytics,2022-02-07,1469.19,146.919,57,837.44
Joseph Mendoza,Europe,Machine Learning,2020-11-01,1861.32,186.132,31,577.01
Heather Moore,Southeast Asia,Machine Learning,2024-10-05,1322.08,132.208,59,780.03
Kevin Morris,Australia,Data Science,2023-04-08,1696.76,169.67600000000002,73,1238.63
Anthony Copeland,Europe,Data Science,2025-04-28,1589.62,158.962,21,333.82
Joseph Mendoza,Australia,Data Science,2025-05-30,1884.89,188.48900000000003,86,1621.01
Joe Perez,Europe,Machine Learning,2025-02-20,905.66,90.566,4,36.23
Ruth Cunningham,Australia,Machine Learning,2021-12-27,862.27,86.227,50,431.13
Vincent Lara,Southeast Asia,Cyber Security,2020-11-29,818.75,81.875,51,417.56
Joe Perez,Southeast Asia,Business Analytics,2022-06-20,883.08,88.308,5,44.15
Monique Ramirez,Europe,Machine Learning,2021-05-08,747.3,74.73,1,7.47
Carlos Woods,Southeast Asia,Business Analytics,2024-01-22,916.35,91.635,20,183.27
Carrie Martin,Australia,Marketing,2020-11-12,626.21,62.62100000000001,32,200.39
Catherine Thompson,North America,Data Science,2022-08-12,765.69,76.569,29,222.05
Carrie Martin,Southeast Asia,Marketing,2025-05-02,1271.66,127.16600000000001,1,12.72
Joseph Mendoza,North America,Data Science,2025-05-02,1703.67,170.36700000000002,60,1022.2
